Dataset name,delta_t,tau,L,Baseline MSE,Baseline AUPRC,SDModel MSE,SDModel AUPRC,SCDModel MSE,SCDModel AUPRC,SCDModel coefs,SCDOModel MSE,SCDOModel AUPRC,SCDOModel coefs
Hypertext graph,1800,1,10,475.5903563457246,0.8530442549323602,411.43825835505857,0.8445638321261233,353.6493318545537,0.8129826316734652,[5.45192677 0.54703801 0.         0.        ],353.6493318545537,0.8129826316734652,[5.45192677 0.54703801 0.         0.        ]
Hypertext graph,1800,0.25,10,475.5903563457246,0.8530442549323602,396.8869936971857,0.8202903085435042,377.5815600061692,0.8129826316734652,[4.38538831 0.63667525 0.         0.        ],377.5815600061692,0.8129826316734652,[4.38538831 0.63667525 0.         0.        ]
Hypertext graph,1800,0.5,10,475.5903563457246,0.8530442549323602,394.12231673573893,0.830753025769128,364.059950379904,0.8129826316734652,[4.71429761 0.60942093 0.         0.        ],364.059950379904,0.8129826316734652,[4.71429761 0.60942093 0.         0.        ]
Hypertext graph,1800,0.75,10,475.5903563457246,0.8530442549323602,401.61283940964785,0.840235887573538,357.3445441560916,0.8129826316734652,[5.1350396  0.57392336 0.         0.        ],357.3445441560916,0.8129826316734652,[5.1350396  0.57392336 0.         0.        ]
Hypertext graph,600,0.25,10,58.12570443914244,0.781734874233397,59.860847005964466,0.7462364129872521,57.41780934652256,0.7337081077845335,[1.32551494 0.69562275 0.         0.        ],57.41780934652256,0.7337081077845335,[1.32551494 0.69562275 0.         0.        ]
Hypertext graph,1800,1.25,10,475.5903563457246,0.8530442549323602,421.32508682672363,0.8453120101399115,351.498073448112,0.8129826316734652,[5.66884647e+00 5.24770714e-01 3.93894940e-03 0.00000000e+00],351.4999544281602,0.8129826316734652,[5.68002004e+00 5.26003509e-01 1.67209669e-03 0.00000000e+00]
Hypertext graph,1800,2.25,10,475.5903563457246,0.8530442549323602,451.4152111945092,0.8497376972027783,348.64055670268317,0.8129826316734652,[6.02214159 0.46353722 0.03681263 0.        ],348.64058512146255,0.8129826316734652,[6.02228761 0.46355495 0.03678067 0.        ]
Hypertext graph,1800,2,10,475.5903563457246,0.8530442549323602,445.5517761395502,0.8483709078321486,348.93148097361376,0.8129826316734652,[5.96210077 0.47347069 0.0316346  0.        ],348.93151328136264,0.8129826316734652,[5.96226834 0.47349098 0.03159813 0.        ]
Hypertext graph,1800,1.5,10,475.5903563457246,0.8530442549323602,430.4773058658431,0.8473735833239392,350.20157038918006,0.8129826316734652,[5.79496808 0.50345506 0.01497202 0.        ],350.20161408652393,0.8129826316734652,[5.79520074 0.50348186 0.01492333 0.        ]
Hypertext graph,1800,1.75,10,475.5903563457246,0.8530442549323602,438.58259681615147,0.8474074430141865,349.4119311848584,0.8129826316734652,[5.88756838 0.48644264 0.02458645 0.        ],349.41196835432805,0.8129826316734652,[5.8877635  0.48646576 0.0245447  0.        ]
Hypertext graph,1800,2.75,10,475.5903563457246,0.8530442549323602,460.22889042003777,0.8509700826891037,348.36213189547567,0.8129826316734652,[6.10932774 0.45005989 0.04340612 0.        ],348.3621550743263,0.8129826316734652,[6.10944512 0.45007418 0.04338023 0.        ]
Hypertext graph,1800,3.25,10,475.5903563457246,0.8530442549323602,466.00022811903705,0.8517447981863324,348.2668620610839,0.8129826316734652,[6.16561741 0.44212209 0.04690905 0.        ],348.2668275689618,0.8129826316734652,[6.16544338 0.44210286 0.04694554 0.        ]
Hypertext graph,1800,2.5,10,475.5903563457246,0.8530442549323602,456.26669306202615,0.8504626985708349,348.46584901272837,0.8129826316734652,[6.0704768  0.45591472 0.04061588 0.        ],348.46587448890085,0.8129826316734652,[6.07060667 0.45593054 0.04058731 0.        ]
Hypertext graph,1800,3,10,475.5903563457246,0.8530442549323602,463.4318343703668,0.8511003267962958,348.30150798628006,0.8129826316734652,[6.14049599 0.44556106 0.04544978 0.        ],348.30153005446243,0.8129826316734652,[6.14060656 0.44557542 0.04542438 0.        ]
Hypertext graph,1800,4.25,10,475.5903563457246,0.8530442549323602,471.9598382965881,0.8499703033644272,348.23071542359355,0.8129826316734652,[6.22428255 0.43465313 0.04977877 0.        ],348.23067864960757,0.8129826316734652,[6.22409927 0.43463283 0.04981747 0.        ]
Hypertext graph,3600,0.25,10,1372.5269912237125,0.8869624491149155,1095.629627893386,0.8449180806641539,1034.5774520145444,0.8423097091129879,[8.9937285  0.56426296 0.         0.        ],1034.5774520145444,0.8423097091129879,[8.9937285  0.56426296 0.         0.        ]
Hypertext graph,600,2.25,10,58.12570443914244,0.781734874233397,56.139643533626526,0.7777795300153483,46.828388317315884,0.7337081077845335,[1.55298829 0.6027561  0.03703894 0.        ],46.8095793753113,0.7337081077845335,[1.53610612 0.59508425 0.         0.0525216 ]
Hypertext graph,3600,0.5,10,1372.5269912237125,0.8869624491149155,1070.5722957715311,0.8452791513166411,986.0097746694862,0.8423097091129879,[8.9231627  0.57195255 0.         0.        ],986.0097746694862,0.8423097091129879,[8.9231627  0.57195255 0.         0.        ]
Hypertext graph,600,1,10,58.12570443914244,0.781734874233397,54.14965135022928,0.7656177396670109,48.70770725238995,0.7337081077845335,[1.42339575 0.66790683 0.         0.        ],48.70770725238995,0.7337081077845335,[1.42339575 0.66790683 0.         0.        ]
Hypertext graph,3600,0.75,10,1372.5269912237125,0.8869624491149155,1093.3921212815007,0.8471463811345851,967.7452036089036,0.8423097091129879,[9.68759619 0.53748106 0.         0.        ],967.7452036089036,0.8423097091129879,[9.68759619 0.53748106 0.         0.        ]
Hypertext graph,600,0.5,10,58.12570443914244,0.781734874233397,55.69676033624087,0.7537180209116617,52.593052756871806,0.7337081077845335,[1.28318252 0.70314976 0.         0.        ],52.593052756871806,0.7337081077845335,[1.28318252 0.70314976 0.         0.        ]
Hypertext graph,3600,1,10,1372.5269912237125,0.8869624491149155,1128.4248497997887,0.852536937854723,960.9502500236392,0.8423097091129879,[10.35027407  0.50675769  0.          0.        ],960.9502500236392,0.8423097091129879,[10.35027407  0.50675769  0.          0.        ]
Hypertext graph,3600,1.75,10,1372.5269912237125,0.8869624491149155,1229.614558029987,0.8726203293185563,959.2794494703425,0.8423097091129879,[11.57774119  0.44857056  0.          0.        ],959.2794494703425,0.8423097091129879,[11.57774119  0.44857056  0.          0.        ]
Hypertext graph,1800,4,10,475.5903563457246,0.8530442549323602,470.95086282979,0.8503877800361632,348.23263609818315,0.8129826316734652,[6.21416622 0.43585585 0.04936653 0.        ],348.23259967155684,0.8129826316734652,[6.21398423 0.43583571 0.0494049  0.        ]
Hypertext graph,1800,4.75,10,475.5903563457246,0.8530442549323602,473.3736828855793,0.8499608906962552,348.23089286482883,0.8129826316734652,[6.23877189 0.43302516 0.05027867 0.        ],348.2308556006277,0.8129826316734652,[6.23858687 0.43300465 0.05031782 0.        ]
Hypertext graph,3600,2.25,10,1372.5269912237125,0.8869624491149155,1278.5779036721224,0.8815886810986,961.5252421497299,0.8423097091129879,[12.01570657  0.42748644  0.          0.        ],961.5252421497299,0.8423097091129879,[12.01570657  0.42748644  0.          0.        ]
Hypertext graph,1800,3.5,10,475.5903563457246,0.8530442549323602,468.0467671402194,0.8510361262219911,348.2476423279817,0.8129826316734652,[6.18555733 0.43946469 0.04799999 0.        ],348.24760697682103,0.8129826316734652,[6.18537964 0.43944505 0.04803732 0.        ]
Hypertext graph,3600,1.5,10,1372.5269912237125,0.8869624491149155,1199.032284471274,0.8668580028358588,958.5519428611728,0.8423097091129879,[11.26528098  0.46351986  0.          0.        ],958.5519428611728,0.8423097091129879,[11.26528098  0.46351986  0.          0.        ]
Hypertext graph,600,0.75,10,58.12570443914244,0.781734874233397,54.38970248865826,0.7606713170288383,50.093974161880986,0.7337081077845335,[1.35446955 0.6849311  0.         0.        ],50.093974161880986,0.7337081077845335,[1.35446955 0.6849311  0.         0.        ]
Hypertext graph,3600,1.25,10,1372.5269912237125,0.8869624491149155,1164.841259744981,0.8609692435082945,958.7358913571983,0.8423097091129879,[10.86546268  0.48251857  0.          0.        ],958.735891357198,0.8423097091129879,[10.86546268  0.48251857  0.          0.        ]
Hypertext graph,3600,4,10,1372.5269912237125,0.8869624491149155,1354.3338286517535,0.888392737372183,966.482485678005,0.8423097091129879,[12.58888055  0.39970563  0.          0.        ],966.482485678005,0.8423097091129879,[12.58888055  0.39970563  0.          0.        ]
Hypertext graph,3600,2.75,10,1372.5269912237125,0.8869624491149155,1312.5801578200767,0.8853794040648033,963.5909539756051,0.8423097091129879,[12.28604095  0.41440722  0.          0.        ],963.5909539756051,0.8423097091129879,[12.28604095  0.41440722  0.          0.        ]
Hypertext graph,3600,2,10,1372.5269912237125,0.8869624491149155,1256.1243363069575,0.8774144800470404,960.364964191337,0.8423097091129879,[11.82297016  0.43678223  0.          0.        ],960.364964191337,0.8423097091129879,[11.82297016  0.43678223  0.          0.        ]
Hypertext graph,600,2.75,10,58.12570443914244,0.781734874233397,56.826891429294605,0.7803707302364973,46.724719370719384,0.7337081077845335,[1.58125724 0.59238158 0.04134779 0.        ],46.70115899478701,0.7337081077845335,[1.56012269 0.5831558  0.         0.05993658]
Hypertext graph,3600,3,10,1372.5269912237125,0.8869624491149155,1325.009376734577,0.8852655676989383,964.4177407320733,0.8423097091129879,[12.37925809  0.40988716  0.          0.        ],964.4177407320733,0.8423097091129879,[12.37925809  0.40988716  0.          0.        ]
Hypertext graph,600,4.5,10,58.12570443914244,0.781734874233397,57.87780306829302,0.7828774067691299,46.66685962687879,0.7337081077845335,[1.61577922 0.5757948  0.04171633 0.00810645],46.63834833821398,0.7337081077845335,[1.59556385 0.5681358  0.         0.06799489]
Hypertext graph,3600,3.75,10,1372.5269912237125,0.8869624491149155,1349.3217851192562,0.8877123707342894,966.1197614670152,0.8423097091129879,[12.55401432  0.40140067  0.          0.        ],966.1197614670152,0.8423097091129879,[12.55401432  0.40140067  0.          0.        ]
Hypertext graph,1800,4.5,10,475.5903563457246,0.8530442549323602,472.75235399621073,0.8497944190686154,348.2303969998308,0.8129826316734652,[6.23234474 0.43373112 0.05007232 0.        ],348.23035995407787,0.8129826316734652,[6.23216049 0.43371071 0.05011127 0.        ]
Hypertext graph,3600,3.5,10,1372.5269912237125,0.8869624491149155,1342.983831614843,0.8872249229374469,965.6664701810688,0.8423097091129879,[12.50937382  0.40357001  0.          0.        ],965.6664701810688,0.8423097091129879,[12.50937382  0.40357001  0.          0.        ]
Hypertext graph,3600,4.75,10,1372.5269912237125,0.8869624491149155,1363.8253939525914,0.8892147870981608,967.1788797852469,0.8423097091129879,[12.65388983  0.39654359  0.          0.        ],967.1788797852469,0.8423097091129879,[12.65388983  0.39654359  0.          0.        ]
Hypertext graph,1800,5,10,475.5903563457246,0.8530442549323602,473.86008969524414,0.8500177792744329,348.2317542193156,0.8129826316734652,[6.24389918 0.43248546 0.05042105 0.        ],348.23171677535987,0.8129826316734652,[6.24371356 0.43246488 0.05046038 0.        ]
Hypertext graph,1800,3.75,10,475.5903563457246,0.8530442549323602,469.6693803024061,0.8510477559116519,348.23751372424425,0.8129826316734652,[6.20147369 0.4374233  0.04879291 0.        ],348.2374777545894,0.8129826316734652,[6.20129347 0.43740336 0.04883085 0.        ]
Hypertext graph,3600,4.25,10,1372.5269912237125,0.8869624491149155,1358.2840933349862,0.8887387583368679,966.7708623346621,0.8423097091129879,[12.61609623  0.39838211  0.          0.        ],966.7708623346621,0.8423097091129879,[12.61609623  0.39838211  0.          0.        ]
Hypertext graph,3600,2.5,10,1372.5269912237125,0.8869624491149155,1297.2577050558994,0.8841624880780532,962.6207797853289,0.8423097091129879,[12.16715316  0.42016474  0.          0.        ],962.6207797853289,0.8423097091129879,[12.16715316  0.42016474  0.          0.        ]
Hypertext graph,3600,4.5,10,1372.5269912237125,0.8869624491149155,1361.3893633518505,0.8890234067154194,966.9990220117949,0.8423097091129879,[12.63732982  0.39734926  0.          0.        ],966.9990220117949,0.8423097091129879,[12.63732982  0.39734926  0.          0.        ]
Hypertext graph,3600,3.25,10,1372.5269912237125,0.8869624491149155,1335.0033871778214,0.8867300699557388,965.1049526033207,0.8423097091129879,[12.45226137  0.40634394  0.          0.        ],965.1049526033207,0.8423097091129879,[12.45226137  0.40634394  0.          0.        ]
Hypertext graph,600,5,10,58.12570443914244,0.781734874233397,57.974184304592406,0.7828774067691299,46.66589706807114,0.7337081077845335,[1.61858118 0.5741822  0.04128505 0.00943559],46.63697693868631,0.7337081077845335,[1.59878128 0.56690403 0.         0.06858016]
Hypertext graph,600,1.75,10,58.12570443914244,0.781734874233397,55.24699059343299,0.7748139230738273,47.1126500857959,0.7337081077845335,[1.5131264  0.62008517 0.02818594 0.        ],47.100897533102426,0.7337081077845335,[1.50258353 0.61493644 0.         0.03861788]
Hypertext graph,600,3.75,10,58.12570443914244,0.781734874233397,57.61225483856901,0.782561703138749,46.67297376033591,0.7337081077845335,[1.60819738 0.58032289 0.0425604  0.00466054],46.64544429212165,0.7337081077845335,[1.58668236 0.57164206 0.         0.06626301]
Hypertext graph,3600,5,10,1372.5269912237125,0.8869624491149155,1365.7333617909821,0.8892266151019987,967.3202676104527,0.8423097091129879,[12.66680101  0.39591535  0.          0.        ],967.3202676104527,0.8423097091129879,[12.66680101  0.39591535  0.          0.        ]
Hypertext graph,600,2.5,10,58.12570443914244,0.781734874233397,56.51173753419045,0.779538072584042,46.76373985588132,0.7337081077845335,[1.56851372 0.59693176 0.03953187 0.        ],46.74226941741732,0.7337081077845335,[1.54922402 0.58836827 0.         0.05679553]
Hypertext graph,600,4,10,58.12570443914244,0.781734874233397,57.722140625411015,0.7828414614442898,46.66981705453786,0.7337081077845335,[1.61132313 0.57843172 0.04225482 0.00606458],46.64189284182952,0.7337081077845335,[1.59036096 0.57017024 0.         0.067002  ]
Hypertext graph,600,3,10,58.12570443914244,0.781734874233397,57.08825705176666,0.781458571923755,46.701249475905726,0.7337081077845335,[1.59161778 0.58888551 0.04261571 0.        ],46.67602432963443,0.7337081077845335,[1.56903705 0.57911195 0.         0.06226053]
Hypertext graph,600,1.25,10,58.12570443914244,0.781734874233397,54.364767633562586,0.7696314776601455,47.89347412067813,0.7337081077845335,[1.46094486 0.64892622 0.0104268  0.        ],47.89346542955656,0.7337081077845335,[1.46092884 0.64892259 0.01043478 0.        ]
Hypertext graph,600,2,10,58.12570443914244,0.781734874233397,55.7133894238785,0.7772283043159216,46.935611154888065,0.7337081077845335,[1.53481782 0.61036579 0.033288   0.        ],46.919869596050624,0.7337081077845335,[1.52055912 0.60374767 0.         0.04667455]
Hypertext graph,600,4.25,10,58.12570443914244,0.781734874233397,57.809156202421505,0.7828679558769358,46.66794917680689,0.7337081077845335,[1.61380763 0.57695209 0.04197229 0.00719523],46.63970343180448,0.7337081077845335,[1.59327041 0.5690259  0.         0.06756459]
Hypertext graph,600,3.5,10,58.12570443914244,0.781734874233397,57.474165340969535,0.782331156537148,46.67825901466382,0.7337081077845335,[1.60427477 0.58273908 0.04288079 0.00291608],46.65122216639294,0.7337081077845335,[1.5820508  0.5735361  0.         0.06528697]
Hypertext graph,600,3.25,10,58.12570443914244,0.781734874233397,57.30174143014109,0.7818630085239463,46.68705327192456,0.7337081077845335,[1.59937001e+00 5.85824563e-01 4.32002594e-02 7.47935628e-04],46.66064524175788,0.7337081077845335,[1.57625703 0.57597239 0.         0.06399108]
SFHH graph,1800,0.25,10,1333.5134097967466,0.8188596883576703,1229.393461704327,0.7617005551906347,1160.4381855539095,0.7663771101749639,[5.63583484 0.67892291 0.         0.        ],1160.4381855539095,0.7663771101749639,[5.63583484 0.67892291 0.         0.        ]
Hypertext graph,600,4.75,10,58.12570443914244,0.781734874233397,57.93180223956257,0.7828774067691299,46.66623830660147,0.7337081077845335,[1.61734233 0.57488981 0.04148758 0.00884161],46.63750518886987,0.7337081077845335,[1.59736687 0.56744318 0.         0.06832539]
Hypertext graph,600,1.5,10,58.12570443914244,0.781734874233397,54.77447071899369,0.772919937582824,47.40579699493522,0.7337081077845335,[1.48824205 0.6326052  0.02095472 0.        ],47.39971182735053,0.7337081077845335,[1.48289619 0.62981521 0.00389333 0.02274748]
SFHH graph,1800,0.5,10,1333.5134097967466,0.8188596883576703,1168.0437052942345,0.7685696184373586,1087.638030474501,0.7663771101749639,[5.49941041 0.65433902 0.         0.04091724],1087.7490518658014,0.7663771101749639,[5.82816342 0.6836679  0.         0.        ]
SFHH graph,1800,1,10,1333.5134097967466,0.8188596883576703,1184.4181627172336,0.7877597610482312,1041.6420819789203,0.7663771101749639,[6.44389653 0.5566445  0.         0.10317794],1042.4573391123329,0.7663771101749639,[7.24857785 0.63112678 0.         0.        ]
SFHH graph,1800,1.5,10,1333.5134097967466,0.8188596883576703,1224.6844589984325,0.7949377528255264,1027.5094344577108,0.7663771101749639,[7.06693462 0.50188101 0.         0.13124388],1029.0096249796657,0.7663771101749639,[8.08390458 0.59668893 0.         0.        ]
SFHH graph,1800,1.25,10,1333.5134097967466,0.8188596883576703,1204.5815566079025,0.7927018793198506,1032.7981499857806,0.7663771101749639,[6.79847674 0.5256932  0.         0.11912945],1033.9671949186063,0.7663771101749639,[7.72346199 0.61174573 0.         0.        ]
SFHH graph,1800,2,10,1333.5134097967466,0.8188596883576703,1259.6072670935373,0.7990202620580015,1022.4618605159069,0.7663771101749639,[7.43489389 0.46893661 0.         0.14780557],1024.507608378438,0.7663771101749639,[8.53973408e+00 5.72938193e-01 1.29027326e-03 3.62442136e-03]
SFHH graph,1800,2.5,10,1333.5134097967466,0.8188596883576703,1285.4209217679636,0.80343789737156,1020.7682024013685,0.7663771101749639,[7.66105343 0.44884378 0.         0.15769281],1023.1518696404125,0.7663771101749639,[8.73981079 0.55228958 0.         0.01912795]
SFHH graph,1800,2.75,10,1333.5134097967466,0.8188596883576703,1295.1344984122559,0.8060409509641393,1020.4433124667332,0.7663771101749639,[7.73879126 0.44189111 0.         0.16111468],1022.93882541921,0.7663771101749639,[8.80758151 0.54508107 0.         0.02414623]
SFHH graph,1800,1.75,10,1333.5134097967466,0.8188596883576703,1243.230119995817,0.7965514264011011,1024.3381781149915,0.7663771101749639,[7.27366981 0.48337524 0.         0.14058585],1026.1353344416955,0.7663771101749639,[8.35494512e+00 5.84393801e-01 0.00000000e+00 9.49041575e-04]
SFHH graph,1800,0.75,10,1333.5134097967466,0.8188596883576703,1168.0562888952857,0.7798600248335213,1057.0682627069743,0.7663771101749639,[5.97816285 0.59778683 0.         0.08071749],1057.5231589632915,0.7663771101749639,[6.61360273 0.65594216 0.         0.        ]
SFHH graph,3600,0.25,10,4804.284631468896,0.7981547300342031,4003.0227547510867,0.7800340908799617,3283.4749806228324,0.7803711447987454,[19.13498543  0.29451618  0.          0.        ],3283.4749806228324,0.7803711447987454,[19.13498543  0.29451618  0.          0.        ]
SFHH graph,600,2.75,10,181.42190365651606,0.8496225328856538,179.17557089239372,0.8467336598620742,151.98462321951015,0.721387562352149,[1.64923132 0.51570072 0.05788699 0.21252356],152.09706177303826,0.721387562352149,[1.85800894 0.58178183 0.         0.22539713]
SFHH graph,1800,3.5,10,1333.5134097967466,0.8188596883576703,1314.5328341735028,0.812219715973133,1020.1986947450025,0.7663771101749639,[7.88703637 0.42906255 0.         0.16720719],1022.897595963627,0.7663771101749639,[8.93618277 0.53157316 0.         0.03349874]
SFHH graph,600,0.25,10,181.42190365651606,0.8496225328856538,212.36269521400763,0.7638536528710929,204.7346446092451,0.721387562352149,[1.83699884 0.72893778 0.         0.04070343],204.77378192060624,0.721387562352149,[1.95925401 0.75744116 0.         0.        ]
SFHH graph,600,2.25,10,181.42190365651606,0.8496225328856538,178.1566449991775,0.8436639614016345,152.94961408260744,0.721387562352149,[1.62424772 0.52743389 0.05189987 0.20935494],153.07232864806483,0.721387562352149,[1.83077003 0.59316733 0.         0.21500128]
SFHH graph,3600,0.75,10,4804.284631468896,0.7981547300342031,3944.5475254465196,0.7680126324511067,3139.090185784569,0.7803711447987454,[17.56972176  0.36479784  0.          0.        ],3139.090185784569,0.7803711447987454,[17.56972176  0.36479784  0.          0.        ]
SFHH graph,3600,0.5,10,4804.284631468896,0.7981547300342031,3922.946191842375,0.7777613077948178,3202.418328857293,0.7803711447987454,[17.73655825  0.34816714  0.          0.        ],3202.418328857293,0.7803711447987454,[17.73655825  0.34816714  0.          0.        ]
SFHH graph,600,4.75,10,181.42190365651606,0.8496225328856538,181.06765077865563,0.851399028560137,150.98179022593908,0.721387562352149,[1.68744274 0.49977689 0.06524899 0.21724302],151.08854621154623,0.721387562352149,[1.90165965 0.56673685 0.         0.23824419]
SFHH graph,600,5,10,181.42190365651606,0.8496225328856538,181.14461409942507,0.8514217811074161,150.9528162058424,0.721387562352149,[1.68892113 0.49921802 0.06548115 0.2174314 ],151.05963283917833,0.721387562352149,[1.90336388 0.56622018 0.         0.23866276]
SFHH graph,600,1.75,10,181.42190365651606,0.8496225328856538,177.1809147757919,0.8359226865159991,154.94786306800228,0.721387562352149,[1.58839352 0.54644645 0.04139237 0.20456583],155.09349260265842,0.721387562352149,[1.79387796 0.61211092 0.         0.19671116]
SFHH graph,1800,2.25,10,1333.5134097967466,0.8188596883576703,1273.646158235942,0.8012436394309884,1021.3763641479285,0.7663771101749639,[7.56145439 0.45765696 0.         0.15338371],1023.614561175992,0.7663771101749639,[8.65667762e+00 5.61757520e-01 7.74440283e-04 1.13788764e-02]
SFHH graph,3600,1,10,4804.284631468896,0.7981547300342031,4019.7577650394596,0.7589064618092258,3103.2112543656444,0.7803711447987454,[17.90709492  0.36340424  0.          0.        ],3103.2112543656444,0.7803711447987454,[17.90709492  0.36340424  0.          0.        ]
SFHH graph,3600,1.25,10,4804.284631468896,0.7981547300342031,4119.652549853598,0.758488448938188,3085.665911106634,0.7803711447987454,[18.37733848  0.3553834   0.          0.        ],3085.665911106634,0.7803711447987454,[18.37733848  0.3553834   0.          0.        ]
SFHH graph,600,3.75,10,181.42190365651606,0.8496225328856538,180.49646776541297,0.8503669364997903,151.2198718347015,0.721387562352149,[1.6765131  0.50411376 0.06337379 0.21585091],151.32685770482533,0.721387562352149,[1.88882093 0.57074842 0.         0.2349584 ]
SFHH graph,600,2.5,10,181.42190365651606,0.8496225328856538,178.68853509678797,0.8455763927371026,152.38451643069948,0.721387562352149,[1.63788025 0.5208424  0.05529025 0.21114567],152.50104687984077,0.721387562352149,[1.84570366 0.58677822 0.         0.22087312]
SFHH graph,3600,2.75,10,4804.284631468896,0.7981547300342031,4602.482408395986,0.7763740148539641,3075.460273349029,0.7803711447987454,[20.15068503  0.31440724  0.          0.        ],3075.460273349029,0.7803711447987454,[20.15068503  0.31440724  0.          0.        ]
SFHH graph,3600,1.5,10,4804.284631468896,0.7981547300342031,4224.704432776357,0.7595908740974505,3077.888024256188,0.7803711447987454,[18.83122673  0.34593348  0.          0.        ],3077.888024256188,0.7803711447987454,[18.83122673  0.34593348  0.          0.        ]
SFHH graph,3600,2.5,10,4804.284631468896,0.7981547300342031,4550.682070204362,0.7733008465180589,3074.8065633601022,0.7803711447987454,[19.99363368  0.31836902  0.          0.        ],3074.8065633601022,0.7803711447987454,[19.99363368  0.31836902  0.          0.        ]
SFHH graph,1800,4,10,1333.5134097967466,0.8188596883576703,1321.8110524649635,0.81650577792726,1020.2272207722036,0.7663771101749639,[7.93996711 0.42450834 0.         0.16935016],1022.9967592668127,0.7663771101749639,[8.98444758 0.52691854 0.         0.03653432]
SFHH graph,3600,3.75,10,4804.284631468896,0.7981547300342031,4726.428786365153,0.7855809823867512,3077.5210252664074,0.7803711447987454,[20.50189139  0.30539609  0.          0.        ],3077.5210252664074,0.7803711447987454,[20.50189139  0.30539609  0.          0.        ]
SFHH graph,600,3,10,181.42190365651606,0.8496225328856538,179.60004915109354,0.84831923927796,151.6974172995385,0.721387562352149,[1.65852623 0.51169969 0.05986239 0.21359873],151.80727934378277,0.721387562352149,[1.86820161 0.57790335 0.         0.22883349]
SFHH graph,3600,3.25,10,4804.284631468896,0.7981547300342031,4678.201842980519,0.7809037852461993,3076.6525686204027,0.7803711447987454,[20.3691444   0.30882546  0.          0.        ],3076.6525686204027,0.7803711447987454,[20.3691444   0.30882546  0.          0.        ]
SFHH graph,3600,3,10,4804.284631468896,0.7981547300342031,4644.476124597401,0.7780332121294554,3076.0919943652248,0.7803711447987454,[20.27340801  0.31128135  0.          0.        ],3076.0919943652248,0.7803711447987454,[20.27340801  0.31128135  0.          0.        ]
SFHH graph,3600,2,10,4804.284631468896,0.7981547300342031,4412.065400195044,0.7669176706694321,3074.0798973693413,0.7803711447987454,[19.53926025  0.32955728  0.          0.        ],3074.0798973693413,0.7803711447987454,[19.53926025  0.32955728  0.          0.        ]
SFHH graph,3600,1.75,10,4804.284631468896,0.7981547300342031,4323.887749455941,0.7639282687904476,3074.876782977951,0.7803711447987454,[19.22091406  0.33710841  0.          0.        ],3074.876782977951,0.7803711447987454,[19.22091406  0.33710841  0.          0.        ]
SFHH graph,3600,2.25,10,4804.284631468896,0.7981547300342031,4487.58779855931,0.7692399568353239,3074.2541884536754,0.7803711447987454,[19.79328973  0.32335539  0.          0.        ],3074.2541884536754,0.7803711447987454,[19.79328973  0.32335539  0.          0.        ]
SFHH graph,3600,4.25,10,4804.284631468896,0.7981547300342031,4756.547313294707,0.7882438445025772,3078.0962994080505,0.7803711447987454,[20.58242401  0.30330252  0.          0.        ],3078.0962994080505,0.7803711447987454,[20.58242401  0.30330252  0.          0.        ]
SFHH graph,3600,4.5,10,4804.284631468896,0.7981547300342031,4766.968978665149,0.7890835137128045,3078.300387556822,0.7803711447987454,[20.60988047  0.30258655  0.          0.        ],3078.300387556822,0.7803711447987454,[20.60988047  0.30258655  0.          0.        ]
SFHH graph,3600,3.5,10,4804.284631468896,0.7981547300342031,4705.096585033082,0.7826947593916633,3077.1281527184983,0.7803711447987454,[20.44376168  0.30690117  0.          0.        ],3077.1281527184983,0.7803711447987454,[20.44376168  0.30690117  0.          0.        ]
SFHH graph,3600,5,10,4804.284631468896,0.7981547300342031,4781.535274974724,0.7923611094924284,3078.5895652522076,0.7803711447987454,[20.64791093  0.30159303  0.          0.        ],3078.5895652522076,0.7803711447987454,[20.64791093  0.30159303  0.          0.        ]
SFHH graph,600,2,10,181.42190365651606,0.8496225328856538,177.62389668910717,0.8399742512968196,153.76121428868538,0.721387562352149,[1.6078129  0.53580606 0.04739769 0.20718741],153.8933024484455,0.721387562352149,[1.81356183 0.60143649 0.         0.20714539]
SFHH graph,1800,3.75,10,1333.5134097967466,0.8188596883576703,1318.5948244311664,0.814501994560487,1020.2072221027197,0.7663771101749639,[7.9166706  0.42649799 0.         0.16842146],1022.9459603281753,0.7663771101749639,[8.963574   0.5289833  0.         0.03515999]
SFHH graph,1800,3.25,10,1333.5134097967466,0.8188596883576703,1309.4266152628309,0.809695449513945,1020.2157409117117,0.7663771101749639,[7.84955317 0.43238977 0.         0.16559065],1022.8633579004011,0.7663771101749639,[8.90280767 0.53500145 0.         0.03115778]
SFHH graph,1800,3,10,1333.5134097967466,0.8188596883576703,1303.0461199864571,0.807568352363735,1020.2830946138977,0.7663771101749639,[7.80111704 0.43658467 0.         0.16359767],1022.864406085659,0.7663771101749639,[8.86033242 0.53938694 0.         0.02815662]
SFHH graph,3600,4.75,10,4804.284631468896,0.7981547300342031,4775.1393338971575,0.7913594119344827,3078.462044934348,0.7803711447987454,[20.63126128  0.30202825  0.          0.        ],3078.462044934348,0.7803711447987454,[20.63126128  0.30202825  0.          0.        ]
SFHH graph,600,4.25,10,181.42190365651606,0.8496225328856538,180.84647649674545,0.8512243348191917,151.06895688209673,0.721387562352149,[1.68323105 0.5014188  0.06455625 0.21669931],151.17563054527,0.721387562352149,[1.89663104 0.56823928 0.         0.23704074]
SFHH graph,1800,4.5,10,1333.5134097967466,0.8188596883576703,1326.344339913765,0.8184520239908812,1020.274427732715,0.7663771101749639,[7.97240905 0.42174879 0.         0.17063165],1023.0864174120483,0.7663771101749639,[9.01367661 0.52405926 0.         0.03842378]
SFHH graph,3600,4,10,4804.284631468896,0.7981547300342031,4743.279246979625,0.7871959161067765,3077.84009991939,0.7803711447987454,[20.54716587  0.30422031  0.          0.        ],3077.84009991939,0.7803711447987454,[20.54716587  0.30422031  0.          0.        ]
SFHH graph,600,1,10,181.42190365651606,0.8496225328856538,178.95865357026847,0.8161353498755963,163.6557928239446,0.721387562352149,[1.51926942 0.60053896 0.00701509 0.19208191],163.87667757521953,0.721387562352149,[1.73535011 0.66878575 0.         0.13592116]
SFHH graph,1800,4.75,10,1333.5134097967466,0.8188596883576703,1327.9110363711254,0.8191606884457998,1020.2957422601958,0.7663771101749639,[7.98351719 0.42080698 0.         0.17106721],1023.1221363469051,0.7663771101749639,[9.02372336 0.52308409 0.         0.03906504]
SFHH graph,600,1.5,10,181.42190365651606,0.8496225328856538,176.9999494265641,0.8313249115353052,156.7176753707603,0.721387562352149,[1.5662402  0.56003511 0.03331562 0.20135368],156.88227528055276,0.721387562352149,[1.77276677 0.62600561 0.         0.18259362]
SFHH graph,600,0.5,10,181.42190365651606,0.8496225328856538,191.58715676434537,0.7839864885515266,182.50705240618774,0.721387562352149,[1.49154439 0.67616844 0.         0.13027626],182.73944924063971,0.721387562352149,[1.80518744 0.75307127 0.         0.0270132 ]
SFHH graph,600,0.75,10,181.42190365651606,0.8496225328856538,182.82380501352674,0.8035358039411143,170.5612657579595,0.721387562352149,[1.48993191 0.6320955  0.         0.17208926],170.81435208724014,0.721387562352149,[1.73479502 0.70298225 0.         0.09524056]
SFHH graph,1800,4.25,10,1333.5134097967466,0.8188596883576703,1324.3483457081638,0.8172082530458145,1020.2509585392513,0.7663771101749639,[7.95818064 0.42295745 0.         0.17007132],1023.0443962987144,0.7663771101749639,[9.00083543 0.52531111 0.         0.03759837]
SFHH graph,600,1.25,10,181.42190365651606,0.8496225328856538,177.39770509114246,0.8245688196458036,159.41819574053338,0.721387562352149,[1.54239812 0.57756951 0.02233265 0.19728962],159.60794319442894,0.721387562352149,[1.75167916 0.64423363 0.         0.16330541]
SFHH graph,1800,5,10,1333.5134097967466,0.8188596883576703,1329.1386444774644,0.8192312200214021,1020.3142330183301,0.7663771101749639,[7.99278343 0.42013396 0.         0.17132392],1023.1516079766036,0.7663771101749639,[9.03025856 0.52222771 0.         0.03974365]
SFHH graph,600,3.5,10,181.42190365651606,0.8496225328856538,180.25501332677362,0.8499937565237501,151.33437022505277,0.721387562352149,[1.67159389 0.5059997  0.062473   0.21535587],151.44192898421218,0.721387562352149,[1.8835527  0.57259297 0.         0.23336801]
SFHH graph,600,4.5,10,181.42190365651606,0.8496225328856538,180.96998429617557,0.8513567125931287,151.01951637055794,0.721387562352149,[1.68538    0.50044627 0.06492365 0.21709334],151.12628302247074,0.721387562352149,[1.89954266 0.56741326 0.         0.23768194]
SFHH graph,600,4,10,181.42190365651606,0.8496225328856538,180.6910024996089,0.8509122660434063,151.1339244675728,0.721387562352149,[1.68025848 0.5026     0.06404306 0.2163232 ],151.2406819363674,0.721387562352149,[1.89317224 0.56933692 0.         0.23613447]
College graph 1,86400,0.5,10,342.3148454449427,0.87161137369132,255.55202694839068,0.8636286917502392,237.60884529074718,0.8011910258761915,[2.12642067 0.56014789 0.08722918 0.07590597],237.33253428337665,0.8011910258761915,[1.94069408 0.5653679  0.06313224 0.1432687 ]
SFHH graph,600,3.25,10,181.42190365651606,0.8496225328856538,179.958572204709,0.8490542935960674,151.488324485344,0.721387562352149,[1.66568825 0.50847881 0.06133059 0.2146171 ],151.59676292836818,0.721387562352149,[1.87677173 0.57492877 0.         0.23137418]
College graph 1,86400,0.75,10,342.3148454449427,0.87161137369132,264.14161324262625,0.8699784830158942,236.13149760832658,0.8011910258761915,[2.45245612 0.49612573 0.10039685 0.09061167],235.6318146533185,0.8011910258761915,[2.18915266 0.49956867 0.06822973 0.18568474]
College graph 1,86400,1,10,342.3148454449427,0.87161137369132,274.67462773600647,0.8729202498482759,236.41708713919618,0.8011910258761915,[2.72418237 0.45010229 0.10787093 0.09886588],235.71755855942072,0.8011910258761915,[2.41057671 0.45270242 0.07051582 0.21203266]
College graph 1,86400,1.25,10,342.3148454449427,0.87161137369132,285.15377502013115,0.874209832539082,237.29541892380766,0.8011910258761915,[2.93874921 0.41640232 0.11231109 0.10402195],236.42270679174962,0.8011910258761915,[2.58977559 0.41856041 0.07139267 0.22993601]
College graph 1,86400,1.75,10,342.3148454449427,0.87161137369132,303.3905136803002,0.8757966444453531,239.3321838086726,0.8011910258761915,[3.24402515 0.3723146  0.11656383 0.10930956],238.19865151099899,0.8011910258761915,[2.85181889 0.37404588 0.07143653 0.25098179]
College graph 1,86400,0.25,10,342.3148454449427,0.87161137369132,255.42296545169762,0.8549765650558374,244.5860680108968,0.8011910258761915,[1.95741307 0.63842033 0.06425555 0.04002011],244.5231488846951,0.8011910258761915,[1.89557468 0.64457682 0.05406593 0.06330121]
College graph 1,86400,2.25,10,342.3148454449427,0.87161137369132,316.9258861252441,0.8760437793604018,240.99737770919327,0.8011910258761915,[3.43669363 0.34681166 0.11797106 0.11147466],239.70393637249475,0.8011910258761915,[3.02444496 0.34860476 0.07084884 0.26083568]
College graph 1,3600,2.5,10,5.550952061682869,0.4454023177316365,5.283843223704386,0.44727318020018025,4.2455644310783525,0.4435706386773315,[0.30540483 0.16433034 0.         0.        ],4.2455644310783525,0.4435706386773315,[0.30540483 0.16433034 0.         0.        ]
College graph 1,3600,4.75,10,5.550952061682869,0.4454023177316365,5.520552078850117,0.4482810984765123,4.223155436194331,0.4423174429399077,[0.30387656 0.16775465 0.         0.        ],4.223155436194331,0.4423174429399077,[0.30387656 0.16775465 0.         0.        ]
College graph 1,86400,2.75,10,342.3148454449427,0.87161137369132,326.2021745544854,0.8757874266042835,242.15957684685029,0.8011910258761915,[3.55747429 0.33176341 0.11828723 0.11242354],240.77553946821837,0.8011910258761915,[3.13721542 0.33384048 0.07024303 0.26528563]
College graph 1,86400,3,10,342.3148454449427,0.87161137369132,329.56799314857597,0.875957761332589,242.58215342902335,0.8011910258761915,[3.59953897 0.32670741 0.11827645 0.11268734],241.16960868399877,0.8011910258761915,[3.17770577 0.32896177 0.0699857  0.26642112]
College graph 1,86400,2,10,342.3148454449427,0.87161137369132,310.7448625079588,0.8756879008228282,240.22959954230896,0.8011910258761915,[3.35145437 0.35787165 0.11747556 0.11062244],239.00535539839325,0.8011910258761915,[2.94713634 0.35958508 0.07116307 0.25686543]
College graph 1,86400,1.5,10,342.3148454449427,0.87161137369132,294.82961689919273,0.8756750939106985,238.3288495646488,0.8011910258761915,[3.10885278 0.39128364 0.11498029 0.10725584],237.31157672202445,0.8011910258761915,[2.73446792 0.39316094 0.07157518 0.24237125]
College graph 1,3600,0.25,10,5.550952061682869,0.4454023177316365,4.431229984943081,0.4009543509405181,4.678996566126281,0.5568095597273438,[0.36821293 0.         0.         0.        ],4.678996566126281,0.5568095597273438,[0.36821293 0.         0.         0.        ]
College graph 1,3600,0.75,10,5.550952061682869,0.4454023177316365,4.521124068146707,0.439610018732411,4.5082279975217805,0.42955250892837804,[0.33871364 0.07862762 0.         0.        ],4.5082279975217805,0.42955250892837804,[0.33871364 0.07862762 0.         0.        ]
College graph 1,3600,2.25,10,5.550952061682869,0.4454023177316365,5.216099643068026,0.44600411765924325,4.254062323409682,0.44318656934984135,[0.30610041 0.1626959  0.         0.        ],4.254062323409682,0.44318656934984135,[0.30610041 0.1626959  0.         0.        ]
College graph 1,86400,3.5,10,342.3148454449427,0.87161137369132,334.4120505410014,0.8757174570650664,243.19033768671184,0.8011910258761915,[3.65878595 0.31977489 0.11812717 0.11300699],241.74131872652973,0.8011910258761915,[3.23613389 0.3223764  0.06956497 0.26757341]
College graph 1,86400,2.5,10,342.3148454449427,0.87161137369132,322.03446822373087,0.875606839328313,241.63665756788032,0.8011910258761915,[3.50416761 0.33831154 0.11820786 0.11204042],240.29126433336612,0.8011910258761915,[3.08696155 0.34023931 0.0705391  0.26348897]
College graph 1,86400,4,10,342.3148454449427,0.87161137369132,337.4567596997103,0.8757133065195821,243.57294208908152,0.8011910258761915,[3.6954567  0.31562469 0.11792572 0.11317922],242.10390674639862,0.8011910258761915,[3.27312925 0.31848765 0.06923421 0.26804897]
College graph 1,86400,3.75,10,342.3148454449427,0.87161137369132,336.11357962923114,0.8756380091096186,243.40406413578262,0.8011910258761915,[3.67930477 0.31743857 0.11802569 0.11310496],241.94353034762239,0.8011910258761915,[3.25663015 0.32016554 0.06938084 0.26790635]
College graph 1,3600,4.5,10,5.550952061682869,0.4454023177316365,5.512019366136289,0.4482613199298548,4.223802211074493,0.4423168038496474,[0.30391245 0.16767934 0.         0.        ],4.223802211074493,0.4423168038496474,[0.30391245 0.16767934 0.         0.        ]
College graph 1,3600,3,10,5.550952061682869,0.4454023177316365,5.383422815979675,0.44833948292268877,4.234912038299274,0.442857224686007,[0.30461353 0.1661445  0.         0.        ],4.234912038299274,0.442857224686007,[0.30461353 0.1661445  0.         0.        ]
College graph 1,86400,4.25,10,342.3148454449427,0.87161137369132,338.5139164051227,0.8753974050740725,243.70606190399891,0.8011910258761915,[3.70815524 0.31422345 0.11782745 0.11323434],242.23062175318665,0.8011910258761915,[3.28610969 0.31718428 0.0690981  0.26816918]
College graph 1,259200,0.25,10,1547.720890602302,0.9151844301997532,1277.5309769921541,0.883179994146492,1124.5564193651203,0.8741793775840876,[1.09413847 0.4488672  0.07673639 0.15194201],1124.788850799438,0.8741793775840876,[1.24944875 0.5044857  0.05797495 0.14054599]
College graph 1,3600,1.5,10,5.550952061682869,0.4454023177316365,4.921787833146243,0.44497933294176184,4.308330842397644,0.4438753496221264,[0.31145638 0.14955126 0.         0.        ],4.308330842397644,0.4438753496221264,[0.31145638 0.14955126 0.         0.        ]
College graph 1,3600,1.75,10,5.550952061682869,0.4454023177316365,5.035952084835761,0.4452834584248452,4.283144408155764,0.4460917096991588,[0.30880473 0.15614704 0.         0.        ],4.283144408155764,0.4460917096991588,[0.30880473 0.15614704 0.         0.        ]
College graph 1,86400,4.75,10,342.3148454449427,0.87161137369132,339.9946795515816,0.8752669700230572,243.8931498667152,0.8011910258761915,[3.72599977 0.31230397 0.11764916 0.11330741],242.40917420048328,0.8011910258761915,[3.30446794 0.3154095  0.06886601 0.26830832]
College graph 1,3600,4.25,10,5.550952061682869,0.4454023177316365,5.501128377089647,0.4482613199298548,4.224642914299854,0.442331164998946,[0.30396001 0.16757885 0.         0.        ],4.224642914299854,0.442331164998946,[0.30396001 0.16757885 0.         0.        ]
College graph 1,3600,1.25,10,5.550952061682869,0.4454023177316365,4.793087768424189,0.4431652029795117,4.346525178007022,0.4378503840774137,[0.31589524 0.13829222 0.         0.        ],4.346525178007022,0.4378503840774137,[0.31589524 0.13829222 0.         0.        ]
College graph 1,259200,3.5,10,1547.720890602302,0.9151844301997532,1509.568099512563,0.9181818703042722,1086.3181455747497,0.8741793775840876,[8.66323075 0.32616505 0.10646389 0.08141362],1084.3411868298235,0.8741793775840876,[8.1149166  0.32963572 0.079692   0.15991718]
College graph 2,3600,0.25,10,0.6016487762988407,0.26961386550446775,0.620877072338413,0.31430073728983693,0.6689095457471969,0.5266859882639187,[0.10755689 0.         0.         0.        ],0.6689095457471969,0.5266859882639187,[0.10755689 0.         0.         0.        ]
College graph 2,3600,0.5,10,0.6016487762988407,0.26961386550446775,0.5629235503062259,0.31885550345217145,0.6689095457471969,0.5266859882639187,[0.10755689 0.         0.         0.        ],0.6689095457471969,0.5266859882639187,[0.10755689 0.         0.         0.        ]
College graph 1,3600,2.75,10,5.550952061682869,0.4454023177316365,5.338982394661684,0.4481081942707137,4.2394187042573925,0.44269807966153957,[0.30493609 0.16541236 0.         0.        ],4.2394187042573925,0.44269807966153957,[0.30493609 0.16541236 0.         0.        ]
College graph 1,259200,1,10,1547.720890602302,0.9151844301997532,1241.0074094347788,0.9024540996059891,1044.9984040147856,0.8741793775840876,[4.83143673 0.41824227 0.1015552  0.1185947 ],1043.283725148429,0.8741793775840876,[4.24686548 0.4338373  0.07316332 0.19052372]
College graph 2,3600,0.75,10,0.6016487762988407,0.26961386550446775,0.539623117965502,0.3246806598907247,0.6689095457471969,0.5266859882639187,[0.10755689 0.         0.         0.        ],0.6689095457471969,0.5266859882639187,[0.10755689 0.         0.         0.        ]
College graph 1,259200,1.75,10,1547.720890602302,0.9151844301997532,1363.6274183949724,0.9110004368668906,1063.355747757179,0.8741793775840876,[7.09454718 0.36880027 0.10670877 0.09492333],1061.2569097462183,0.8741793775840876,[6.46818565 0.37366827 0.07799106 0.17888437]
College graph 2,3600,1,10,0.6016487762988407,0.26961386550446775,0.5341035599465173,0.3247982655402045,0.6689095457471969,0.5266859882639187,[0.10755689 0.         0.         0.        ],0.6689095457471969,0.5266859882639187,[0.10755689 0.         0.         0.        ]
College graph 1,259200,2.5,10,1547.720890602302,0.9151844301997532,1450.4774918518099,0.9163856450983809,1077.243814819008,0.8741793775840876,[8.10110388 0.34195665 0.10705654 0.08599552],1075.1666016734225,0.8741793775840876,[7.5105555  0.345186   0.07926546 0.16832269]
College graph 2,3600,1.25,10,0.6016487762988407,0.26961386550446775,0.5367859903225612,0.32108206338289885,0.6689095457471969,0.5266859882639187,[0.10755689 0.         0.         0.        ],0.6689095457471969,0.5266859882639187,[0.10755689 0.         0.         0.        ]
College graph 1,259200,0.75,10,1547.720890602302,0.9151844301997532,1206.2706385563802,0.8968436559390472,1044.017607277196,0.8741793775840876,[3.49829329 0.43752513 0.0970858  0.13561898],1042.6674898718143,0.8741793775840876,[2.99230811 0.46294891 0.06941894 0.19439335]
College graph 1,259200,1.5,10,1547.720890602302,0.9151844301997532,1325.0661302039293,0.9095904455555076,1057.1271933239673,0.8741793775840876,[6.54014421 0.38251303 0.10589737 0.10023244],1055.080554823446,0.8741793775840876,[5.9108818  0.38921327 0.0770347  0.18288723]
College graph 1,259200,1.25,10,1547.720890602302,0.9151844301997532,1283.1175416427297,0.9063236436042914,1050.5811654650745,0.8741793775840876,[5.80952662 0.39911809 0.10431865 0.10768459],1048.651531057398,0.8741793775840876,[5.19066532 0.40907127 0.0755337  0.18680284]
College graph 1,259200,2,10,1547.720890602302,0.9151844301997532,1397.5010592822273,0.9138272495601769,1068.8279902881206,0.8741793775840876,[7.5195127  0.35773801 0.10705178 0.09104326],1066.7172684757295,0.8741793775840876,[6.90292688 0.36162601 0.07860537 0.17501875]
College graph 2,3600,1.5,10,0.6016487762988407,0.26961386550446775,0.5431815424105869,0.3226688522843845,0.6689095457471969,0.5266859882639187,[0.10755689 0.         0.         0.        ],0.6689095457471969,0.5266859882639187,[0.10755689 0.         0.         0.        ]
College graph 2,3600,1.75,10,0.6016487762988407,0.26961386550446775,0.550962736012142,0.3186252226564357,0.6689095457471969,0.5266859882639187,[0.10755689 0.         0.         0.        ],0.6689095457471969,0.5266859882639187,[0.10755689 0.         0.         0.        ]
College graph 2,3600,2.25,10,0.6016487762988407,0.26961386550446775,0.5662143196885758,0.3095678407006963,0.6689095457471969,0.5266859882639187,[0.10755689 0.         0.         0.        ],0.6689095457471969,0.5266859882639187,[0.10755689 0.         0.         0.        ]
College graph 2,3600,2.75,10,0.6016487762988407,0.26961386550446775,0.578279619051891,0.30708843062263885,0.6689095457471969,0.5266859882639187,[0.10755689 0.         0.         0.        ],0.6689095457471969,0.5266859882639187,[0.10755689 0.         0.         0.        ]
College graph 1,259200,4,10,1547.720890602302,0.9151844301997532,1524.232350196974,0.9186315482757824,1088.5111547672732,0.8741793775840876,[8.79180419 0.32248913 0.10623661 0.0804231 ],1086.568286439115,0.8741793775840876,[8.25615616 0.32617125 0.07975883 0.15766671]
College graph 1,86400,4.5,10,342.3148454449427,0.87161137369132,339.3440288988359,0.87528232725627,243.8108161453647,0.8011910258761915,[3.71814479 0.31314027 0.11773516 0.11327552],242.33056122096545,0.8011910258761915,[3.29644536 0.31619322 0.0689797  0.2682208 ]
College graph 1,86400,5,10,342.3148454449427,0.87161137369132,340.50394579060696,0.8752669700230572,243.95781374933614,0.8011910258761915,[3.73219528 0.31165264 0.11757406 0.11333341],242.47105895427848,0.8011910258761915,[3.31104832 0.31483104 0.068782   0.26828932]
College graph 2,3600,4,10,0.6016487762988407,0.26961386550446775,0.5943164364497941,0.3080687014559376,0.6689095457471969,0.5266859882639187,[0.10755689 0.         0.         0.        ],0.6689095457471969,0.5266859882639187,[0.10755689 0.         0.         0.        ]
College graph 1,86400,3.25,10,342.3148454449427,0.87161137369132,332.2647413181641,0.8758508896465883,242.92073006786592,0.8011910258761915,[3.63269092 0.3227978  0.11821559 0.11287329],241.48722360661878,0.8011910258761915,[3.21027738 0.32524312 0.06976748 0.26709929]
College graph 2,3600,4.25,10,0.6016487762988407,0.26961386550446775,0.5958922805965486,0.3080687014559376,0.6689095457471969,0.5266859882639187,[0.10755689 0.         0.         0.        ],0.6689095457471969,0.5266859882639187,[0.10755689 0.         0.         0.        ]
College graph 2,3600,2,10,0.6016487762988407,0.26961386550446775,0.5588616276440926,0.31209789056352444,0.6689095457471969,0.5266859882639187,[0.10755689 0.         0.         0.        ],0.6689095457471969,0.5266859882639187,[0.10755689 0.         0.         0.        ]
College graph 2,3600,4.5,10,0.6016487762988407,0.26961386550446775,0.5971374862043435,0.3080687014559376,0.6689095457471969,0.5266859882639187,[0.10755689 0.         0.         0.        ],0.6689095457471969,0.5266859882639187,[0.10755689 0.         0.         0.        ]
College graph 2,3600,3.25,10,0.6016487762988407,0.26961386550446775,0.5867445408603255,0.30778863934693695,0.6689095457471969,0.5266859882639187,[0.10755689 0.         0.         0.        ],0.6689095457471969,0.5266859882639187,[0.10755689 0.         0.         0.        ]
College graph 2,3600,3,10,0.6016487762988407,0.26961386550446775,0.5829268661936432,0.3074298130234322,0.6689095457471969,0.5266859882639187,[0.10755689 0.         0.         0.        ],0.6689095457471969,0.5266859882639187,[0.10755689 0.         0.         0.        ]
College graph 2,3600,3.5,10,0.6016487762988407,0.26961386550446775,0.5898416332031233,0.3080522120254178,0.6689095457471969,0.5266859882639187,[0.10755689 0.         0.         0.        ],0.6689095457471969,0.5266859882639187,[0.10755689 0.         0.         0.        ]
College graph 2,3600,4.75,10,0.6016487762988407,0.26961386550446775,0.5981182306050818,0.3080687014559376,0.6689095457471969,0.5266859882639187,[0.10755689 0.         0.         0.        ],0.6689095457471969,0.5266859882639187,[0.10755689 0.         0.         0.        ]
College graph 2,3600,2.5,10,0.6016487762988407,0.26961386550446775,0.5727175032573275,0.30607433785071825,0.6689095457471969,0.5266859882639187,[0.10755689 0.         0.         0.        ],0.6689095457471969,0.5266859882639187,[0.10755689 0.         0.         0.        ]
College graph 2,3600,3.75,10,0.6016487762988407,0.26961386550446775,0.592330553793848,0.3080687014559376,0.6689095457471969,0.5266859882639187,[0.10755689 0.         0.         0.        ],0.6689095457471969,0.5266859882639187,[0.10755689 0.         0.         0.        ]
College graph 1,259200,0.5,10,1547.720890602302,0.9151844301997532,1198.7125129923904,0.8890208223092675,1058.8994810628624,0.8741793775840876,[1.75119977 0.4489631  0.09027542 0.16211854],1058.184633926846,0.8741793775840876,[1.42645946 0.49146415 0.06374501 0.19688391]
College graph 2,86400,0.75,10,63.023048807328856,0.7033368870289086,40.88140567639594,0.7139242747038654,35.37128883215922,0.7138473475970853,[0.79929478 0.50630427 0.06552503 0.        ],35.371288698271655,0.7138473475970853,[0.79929465 0.50630434 0.06552503 0.        ]
College graph 1,259200,3,10,1547.720890602302,0.9151844301997532,1486.336316869289,0.9170154159736077,1082.7946142064404,0.8741793775840876,[8.45124856 0.33216847 0.10676277 0.08310588],1080.770987593356,0.8741793775840876,[7.88474388 0.33543529 0.0795565  0.16334313]
College graph 2,86400,1.75,10,63.023048807328856,0.7033368870289086,52.48995685241501,0.7080388459432947,38.145036658729296,0.6700336639593579,[1.09367101 0.34517043 0.08935273 0.        ],38.14502636617573,0.6700336639593579,[1.09366724 0.345169   0.08935932 0.        ]
College graph 1,259200,2.25,10,1547.720890602302,0.9151844301997532,1426.3788346532458,0.9155154240407005,1073.443645517014,0.8741793775840876,[7.84729843 0.34892533 0.10712566 0.08816087],1071.3439724882303,0.8741793775840876,[7.24342358 0.35233829 0.0790039  0.17146617]
College graph 1,259200,2.75,10,1547.720890602302,0.9151844301997532,1470.2717826054438,0.9167499846972501,1080.3241443130466,0.8741793775840876,[8.29810307 0.33647189 0.10692084 0.08435557],1078.2736563298643,0.8741793775840876,[7.72021985 0.33967866 0.07943934 0.16561909]
College graph 1,259200,3.75,10,1547.720890602302,0.9151844301997532,1517.7575606067119,0.9185769196670165,1087.5459034314958,0.8741793775840876,[8.73553696 0.32410797 0.10633992 0.08084669],1085.5875420973375,0.8741793775840876,[8.1941378  0.32768254 0.07973099 0.15866934]
College graph 2,86400,2.75,10,63.023048807328856,0.7033368870289086,58.69487460046204,0.7065769212065471,39.163008693298664,0.6700336639593579,[1.1991946  0.29096858 0.09050608 0.        ],39.163010598294264,0.6700336639593579,[1.1991953  0.29096881 0.09050489 0.        ]
College graph 1,259200,3.25,10,1547.720890602302,0.9151844301997532,1499.2542119861455,0.9175929849775958,1084.7611768982904,0.8741793775840876,[8.5704247  0.32879912 0.10660646 0.08214903],1082.7623793839898,0.8741793775840876,[8.01377904 0.33216259 0.07963654 0.16145835]
College graph 2,86400,3.75,10,63.023048807328856,0.7033368870289086,61.35980907059591,0.7070266882401551,39.531577407913744,0.6700336639593579,[1.23789777 0.27177887 0.08963527 0.        ],39.53157837466807,0.6700336639593579,[1.23789812 0.27177898 0.08963467 0.        ]
College graph 1,259200,4.25,10,1547.720890602302,0.9151844301997532,1529.3344315125985,0.9186136202839077,1089.2683075943949,0.8741793775840876,[8.83573932 0.32123716 0.10615047 0.08008387],1087.3381364871886,0.8741793775840876,[8.30468366 0.32500081 0.07977902 0.15686588]
College graph 2,259200,0.25,10,141.2152438945054,0.7954104685517628,116.29092947433564,0.8018755352017721,109.88528868991207,0.7876905954013746,[0.75051134 0.7347672  0.         0.        ],109.88528868991207,0.7876905954013746,[0.75051134 0.7347672  0.         0.        ]
College graph 2,86400,0.25,10,63.023048807328856,0.7033368870289086,35.20646575328968,0.7069415970644629,33.60856395192277,0.712801827840737,[0.53752442 0.66735092 0.00969038 0.        ],33.6083997047574,0.7127966373638307,[0.53746454 0.66731905 0.00980445 0.        ]
College graph 2,3600,5,10,0.6016487762988407,0.26961386550446775,0.5988887401243602,0.3080687014559376,0.6689095457471969,0.5266859882639187,[0.10755689 0.         0.         0.        ],0.6689095457471969,0.5266859882639187,[0.10755689 0.         0.         0.        ]
College graph 1,259200,4.75,10,1547.720890602302,0.9151844301997532,1536.4896792534341,0.918580854029175,1090.3248124368888,0.8741793775840876,[8.8967228  0.31950043 0.10602459 0.07961647],1088.4132007524927,0.8741793775840876,[8.37232118 0.32339012 0.07980503 0.15572467]
College graph 2,86400,1.25,10,63.023048807328856,0.7033368870289086,47.35909986563482,0.7095681125005697,37.08606333092229,0.7082474946511882,[0.98399748 0.40354395 0.08390401 0.        ],37.08606373027169,0.7082474946511882,[0.9839979  0.4035437  0.08390406 0.        ]
College graph 1,259200,4.5,10,1547.720890602302,0.9151844301997532,1533.3444067633445,0.9186059552199157,1089.8611885271753,0.8741793775840876,[8.8700001  0.32026112 0.1060806  0.07982078],1087.9413074593765,0.8741793775840876,[8.34264051 0.32409365 0.07979389 0.15622916]
College graph 2,86400,0.5,10,63.023048807328856,0.7033368870289086,37.512305057843,0.714213276552883,34.28713660152434,0.7156010895776505,[0.66685579 0.5840592  0.04438883 0.        ],34.28703045232888,0.7156205193333112,[0.66681667 0.58404045 0.04446069 0.        ]
College graph 1,259200,5,10,1547.720890602302,0.9151844301997532,1538.9528321429004,0.918557543873191,1090.6869780203308,0.8741793775840876,[8.91757058 0.31890769 0.10598014 0.07945764],1088.7819709322623,0.8741793775840876,[8.3955264  0.32284423 0.0798135  0.15532599]
College graph 2,259200,0.75,10,141.2152438945054,0.7954104685517628,107.26931495420759,0.8096609186301019,99.72902633969065,0.7537504716551517,[1.06817114 0.72877918 0.01619923 0.        ],99.72902404407223,0.7537504716551517,[1.06816881 0.72877882 0.01620074 0.        ]
College graph 2,86400,1,10,63.023048807328856,0.7033368870289086,44.25583322122971,0.7123703491229145,36.32394486771874,0.711543729844566,[0.90371772 0.44750164 0.07734452 0.        ],36.323901964165415,0.711543729844566,[0.90370238 0.44749445 0.07737317 0.        ]
College graph 2,86400,2,10,63.023048807328856,0.7033368870289086,54.506666954977334,0.7082622880494543,38.50359634638718,0.6700336639593579,[1.1307076  0.32589341 0.09027252 0.        ],38.50362070601997,0.6700336639593579,[1.13071656 0.32589668 0.09025707 0.        ]
College graph 2,86400,1.5,10,63.023048807328856,0.7033368870289086,50.11059351546479,0.7086050094054182,37.68211176628157,0.6700336639593579,[1.04584358 0.37037892 0.08749811 0.        ],37.682134691042556,0.6700336639593579,[1.04585193 0.37038229 0.08748329 0.        ]
College graph 2,86400,2.25,10,63.023048807328856,0.7033368870289086,56.18791175305673,0.7068900824155429,38.78124095699568,0.6700336639593579,[1.15946082 0.31110749 0.09061558 0.        ],38.78126840846415,0.6700336639593579,[1.15947093 0.31111106 0.09059828 0.        ]
College graph 2,86400,3,10,63.023048807328856,0.7033368870289086,59.60107014498713,0.7069536261552154,39.29232760612906,0.6700336639593579,[1.21272125 0.28419728 0.09031102 0.        ],39.29233176847935,0.6700336639593579,[1.21272278 0.28419779 0.09030843 0.        ]
College graph 2,86400,2.5,10,63.023048807328856,0.7033368870289086,57.57049461470173,0.706247327597735,38.996296374919034,0.6700336639593579,[1.18180712 0.29973414 0.09064534 0.        ],38.99631530027567,0.6700336639593579,[1.18181411 0.29973654 0.09063348 0.        ]
College graph 2,259200,3.75,10,141.2152438945054,0.7954104685517628,138.26353684519492,0.802494357198008,109.39939387464983,0.7537504716551517,[1.97452562 0.56189248 0.02263363 0.        ],109.39939421151675,0.7537504716551517,[1.9745264  0.56189231 0.02263363 0.        ]
College graph 2,86400,4.25,10,63.023048807328856,0.7033368870289086,62.00386947781939,0.7076562767532748,39.615699320018,0.6700336639593579,[1.24681627 0.2674675  0.08926501 0.        ],39.615699195654024,0.6700336639593579,[1.24681611 0.2674676  0.08926497 0.        ]
College graph 2,259200,4,10,141.2152438945054,0.7954104685517628,138.9020070251312,0.8024467356549084,109.590642484667,0.7537504716551517,[1.98581464 0.55959512 0.022621   0.        ],109.5906428155995,0.7537504716551517,[1.98581541 0.55959496 0.022621   0.        ]
College graph 2,259200,4.5,10,141.2152438945054,0.7954104685517628,139.7999338053479,0.802346181333008,109.85779772041093,0.7537504716551517,[2.00152896 0.55640611 0.02258145 0.        ],109.85779804208615,0.7537504716551517,[2.00152971 0.55640595 0.02258145 0.        ]
College graph 2,259200,4.25,10,141.2152438945054,0.7954104685517628,139.40486556314772,0.8024920843048866,109.74051217615954,0.7537504716551517,[1.99463643 0.55780303 0.02260272 0.        ],109.74051250207916,0.7537504716551517,[1.99463719 0.55780286 0.02260272 0.        ]
Socio-calls graph,3600,0.25,10,1.4081369248035913,0.28830152355158434,1.015441927344619,0.2266006137656467,0.9626749413325183,0.537384960718294,[0.17949495 0.         0.         0.        ],0.9626749413325183,0.537384960718294,[0.17949495 0.         0.         0.        ]
College graph 2,259200,4.75,10,141.2152438945054,0.7954104685517628,140.10971729666667,0.8023364529148218,109.94949023138729,0.7537504716551517,[2.00691376 0.55531791 0.02255894 0.        ],109.94949054945961,0.7537504716551517,[2.0069145  0.55531775 0.02255894 0.        ]
Socio-calls graph,3600,0.75,10,1.4081369248035913,0.28830152355158434,1.102865778781372,0.2730561290336315,0.9626749413325183,0.537384960718294,[0.17949495 0.         0.         0.        ],0.9626749413325183,0.537384960718294,[0.17949495 0.         0.         0.        ]
Socio-calls graph,3600,1.25,10,1.4081369248035913,0.28830152355158434,1.190168716132103,0.2742112655499609,0.9626749413325183,0.537384960718294,[0.17949495 0.         0.         0.        ],0.9626749413325183,0.537384960718294,[0.17949495 0.         0.         0.        ]
Socio-calls graph,3600,0.5,10,1.4081369248035913,0.28830152355158434,1.0563528115676453,0.25492443109961826,0.9626749413325183,0.537384960718294,[0.17949495 0.         0.         0.        ],0.9626749413325183,0.537384960718294,[0.17949495 0.         0.         0.        ]
College graph 2,259200,1.25,10,141.2152438945054,0.7954104685517628,114.87495987318144,0.8085749055740996,101.73974196730177,0.7537504716551517,[1.43177334 0.66851966 0.01987598 0.        ],101.73988667552327,0.7537504716551517,[1.43191713 0.66854074 0.01978226 0.        ]
Socio-calls graph,3600,1,10,1.4081369248035913,0.28830152355158434,1.1480831660777726,0.2709210306360405,0.9626749413325183,0.537384960718294,[0.17949495 0.         0.         0.        ],0.9626749413325183,0.537384960718294,[0.17949495 0.         0.         0.        ]
Socio-calls graph,3600,2,10,1.4081369248035913,0.28830152355158434,1.2891981322366302,0.2715442048167489,0.9626749413325183,0.537384960718294,[0.17949495 0.         0.         0.        ],0.9626749413325183,0.537384960718294,[0.17949495 0.         0.         0.        ]
Socio-calls graph,3600,2.5,10,1.4081369248035913,0.28830152355158434,1.3320417288503057,0.2737222503669024,0.9626749413325183,0.537384960718294,[0.17949495 0.         0.         0.        ],0.9626749413325183,0.537384960718294,[0.17949495 0.         0.         0.        ]
College graph 2,259200,5,10,141.2152438945054,0.7954104685517628,140.35226103583074,0.8023364529148218,110.02112755118984,0.7537504716551517,[2.011145   0.55446413 0.02253882 0.        ],110.02111971032984,0.7537504716551517,[2.01112142 0.55447048 0.02253639 0.        ]
Socio-calls graph,3600,1.75,10,1.4081369248035913,0.28830152355158434,1.261059737129298,0.27165904912252353,0.9626749413325183,0.537384960718294,[0.17949495 0.         0.         0.        ],0.9626749413325183,0.537384960718294,[0.17949495 0.         0.         0.        ]
Socio-calls graph,3600,1.5,10,1.4081369248035913,0.28830152355158434,1.2280212638685233,0.2759658958526622,0.9626749413325183,0.537384960718294,[0.17949495 0.         0.         0.        ],0.9626749413325183,0.537384960718294,[0.17949495 0.         0.         0.        ]
College graph 2,259200,1.5,10,141.2152438945054,0.7954104685517628,119.08535969807426,0.8085268430695003,103.1731315983977,0.7537504716551517,[1.55877694 0.64475002 0.02078812 0.        ],103.17319244581508,0.7537504716551517,[1.55883702 0.64475866 0.02074892 0.        ]
College graph 2,259200,2.25,10,141.2152438945054,0.7954104685517628,129.21188163861362,0.8060213385233419,106.5695071880376,0.7537504716551517,[1.80038844 0.59720986 0.02224508 0.        ],106.56961303069828,0.7537504716551517,[1.80049146 0.59722416 0.02217768 0.        ]
College graph 2,259200,3.25,10,141.2152438945054,0.7954104685517628,136.43693254523475,0.8024246405888356,108.84610155916067,0.7537504716551517,[1.94152553 0.56858645 0.02268459 0.        ],108.84619735287872,0.7537504716551517,[1.94161783 0.56859901 0.02262399 0.        ]
Socio-calls graph,3600,2.75,10,1.4081369248035913,0.28830152355158434,1.3477640517113152,0.2737222503669024,0.9626749413325183,0.537384960718294,[0.17949495 0.         0.         0.        ],0.9626749413325183,0.537384960718294,[0.17949495 0.         0.         0.        ]
Socio-calls graph,3600,2.25,10,1.4081369248035913,0.28830152355158434,1.3127031822827204,0.2728398830421547,0.9626749413325183,0.537384960718294,[0.17949495 0.         0.         0.        ],0.9626749413325183,0.537384960718294,[0.17949495 0.         0.         0.        ]
Socio-calls graph,3600,3,10,1.4081369248035913,0.28830152355158434,1.3604276338970374,0.2737222503669024,0.9626749413325183,0.537384960718294,[0.17949495 0.         0.         0.        ],0.9626749413325183,0.537384960718294,[0.17949495 0.         0.         0.        ]
Socio-calls graph,3600,3.25,10,1.4081369248035913,0.28830152355158434,1.370553159037906,0.2737222503669024,0.9626749413325183,0.537384960718294,[0.17949495 0.         0.         0.        ],0.9626749413325183,0.537384960718294,[0.17949495 0.         0.         0.        ]
College graph 2,259200,1.75,10,141.2152438945054,0.7954104685517628,122.94972396582537,0.8077986969721946,104.4905469566242,0.7537504716551517,[1.65907708 0.62533168 0.02142745 0.        ],104.49057045216914,0.7537504716551517,[1.65910012 0.62533494 0.0214124  0.        ]
College graph 2,86400,4.75,10,63.023048807328856,0.7033368870289086,62.40100954392142,0.7076784951373223,39.66681014084509,0.6700336639593579,[1.25226555 0.26487861 0.08897882 0.        ],39.66680460594321,0.6700336639593579,[1.25226351 0.26487797 0.08898223 0.        ]
Socio-calls graph,3600,4.5,10,1.4081369248035913,0.28830152355158434,1.3970509735704686,0.2737222503669024,0.9626749413325183,0.537384960718294,[0.17949495 0.         0.         0.        ],0.9626749413325183,0.537384960718294,[0.17949495 0.         0.         0.        ]
Socio-calls graph,3600,4.75,10,1.4081369248035913,0.28830152355158434,1.3994806060898763,0.2737222503669024,0.9626749413325183,0.537384960718294,[0.17949495 0.         0.         0.        ],0.9626749413325183,0.537384960718294,[0.17949495 0.         0.         0.        ]
College graph 2,259200,2.75,10,141.2152438945054,0.7954104685517628,133.5696100945738,0.8031440926457903,107.95952211817955,0.7537504716551517,[1.88788322 0.57953879 0.02251578 0.        ],107.95951470838233,0.7537504716551517,[1.88787607 0.5795378  0.02252047 0.        ]
Socio-calls graph,3600,4,10,1.4081369248035913,0.28830152355158434,1.389998253534321,0.2737222503669024,0.9626749413325183,0.537384960718294,[0.17949495 0.         0.         0.        ],0.9626749413325183,0.537384960718294,[0.17949495 0.         0.         0.        ]
Socio-calls graph,3600,3.5,10,1.4081369248035913,0.28830152355158434,1.3786029692254733,0.2737222503669024,0.9626749413325183,0.537384960718294,[0.17949495 0.         0.         0.        ],0.9626749413325183,0.537384960718294,[0.17949495 0.         0.         0.        ]
Socio-calls graph,3600,3.75,10,1.4081369248035913,0.28830152355158434,1.3849738560190796,0.2737222503669024,0.9626749413325183,0.537384960718294,[0.17949495 0.         0.         0.        ],0.9626749413325183,0.537384960718294,[0.17949495 0.         0.         0.        ]
Socio-calls graph,3600,4.25,10,1.4081369248035913,0.28830152355158434,1.3939498334376654,0.2737222503669024,0.9626749413325183,0.537384960718294,[0.17949495 0.         0.         0.        ],0.9626749413325183,0.537384960718294,[0.17949495 0.         0.         0.        ]
College graph 2,86400,3.25,10,63.023048807328856,0.7033368870289086,60.32615819962994,0.70697757774164,39.39276774356483,0.6700336639593579,[1.22326417 0.27896395 0.09008108 0.        ],39.39276786690513,0.6700336639593579,[1.22326421 0.27896396 0.090081   0.        ]
Socio-calls graph,3600,5,10,1.4081369248035913,0.28830152355158434,1.4013816348126982,0.2737222503669024,0.9626749413325183,0.537384960718294,[0.17949495 0.         0.         0.        ],0.9626749413325183,0.537384960718294,[0.17949495 0.         0.         0.        ]
Socio-calls graph,86400,0.5,10,19.61208115854956,0.7018208986777595,12.836430539496538,0.7217843547340761,12.15114013489021,0.7305424198793848,[0.82833062 0.56072625 0.         0.        ],12.15114013489021,0.7305424198793848,[0.82833062 0.56072625 0.         0.        ]
Socio-calls graph,86400,0.75,10,19.61208115854956,0.7018208986777595,13.770735602739556,0.7194517691581119,12.459825987453355,0.7305879201259967,[0.93826583 0.50268142 0.         0.        ],12.459825987453355,0.7305879201259967,[0.93826583 0.50268142 0.         0.        ]
Socio-calls graph,86400,1,10,19.61208115854956,0.7018208986777595,14.691423544984199,0.7146369045846557,12.717701842391424,0.7035847946628616,[1.02244616 0.45820026 0.         0.        ],12.717701842391424,0.7035847946628616,[1.02244616 0.45820026 0.         0.        ]
College graph 2,259200,3.5,10,141.2152438945054,0.7954104685517628,137.45546636952312,0.8025119778771966,109.15577648636537,0.7537504716551517,[1.96008282 0.56483448 0.02263777 0.        ],109.15577462724654,0.7537504716551517,[1.96008103 0.56483424 0.02263894 0.        ]
Socio-calls graph,86400,2,10,19.61208115854956,0.7018208986777595,17.42357844198545,0.706278412103106,13.283522023062305,0.7035847946628616,[1.19649141 0.36617261 0.         0.        ],13.283522023062305,0.7035847946628616,[1.19649141 0.36617261 0.         0.        ]
College graph 1,3600,1,10,5.550952061682869,0.4454023177316365,4.655277496587289,0.4432460880718557,4.406921933625049,0.42709406663190314,[0.32373641 0.11802145 0.         0.        ],4.406921933625049,0.42709406663190314,[0.32373641 0.11802145 0.         0.        ]
Socio-calls graph,86400,4,10,19.61208115854956,0.7018208986777595,19.281833269859483,0.7019444437888259,13.555812644091978,0.7035847946628616,[1.27725178 0.32344732 0.         0.        ],13.555812644091978,0.7035847946628616,[1.27725178 0.32344732 0.         0.        ]
Socio-calls graph,86400,1.75,10,19.61208115854956,0.7018208986777595,16.894505842173984,0.7077236171366109,13.192111617003226,0.7035847946628616,[1.16901764 0.38070409 0.         0.        ],13.192111617003226,0.7035847946628616,[1.16901764 0.38070409 0.         0.        ]
Socio-calls graph,86400,2.75,10,19.61208115854956,0.7018208986777595,18.508794642149454,0.7032220631481065,13.45072807514646,0.7035847946628616,[1.24626605 0.33984164 0.         0.        ],13.45072807514646,0.7035847946628616,[1.24626605 0.33984164 0.         0.        ]
Socio-calls graph,86400,0.25,10,19.61208115854956,0.7018208986777595,12.138516930918556,0.7241246429368302,11.906315754926359,0.7310434795484418,[0.71258999 0.62172557 0.         0.        ],11.906315754926359,0.7310434795484418,[0.71258999 0.62172557 0.         0.        ]
Socio-calls graph,86400,3.75,10,19.61208115854956,0.7018208986777595,19.190187675996384,0.7020053403993449,13.54389210759789,0.7035847946628616,[1.27374804 0.32530123 0.         0.        ],13.54389210759789,0.7035847946628616,[1.27374804 0.32530123 0.         0.        ]
Socio-calls graph,86400,1.5,10,19.61208115854956,0.7018208986777595,16.264798994322796,0.7102861785014569,13.073332754006042,0.7035847946628616,[1.13300723 0.39974834 0.         0.        ],13.073332754006042,0.7035847946628616,[1.13300723 0.39974834 0.         0.        ]
Socio-calls graph,86400,2.25,10,19.61208115854956,0.7018208986777595,17.861378926971355,0.7056457233434805,13.354030599835417,0.7035847946628616,[1.21755345 0.35503136 0.         0.        ],13.354030599835417,0.7035847946628616,[1.21755345 0.35503136 0.         0.        ]
Socio-calls graph,86400,3,10,19.61208115854956,0.7018208986777595,18.741267992747513,0.7025133665036948,13.483445135543281,0.7035847946628616,[1.25593711 0.33472498 0.         0.        ],13.483445135543281,0.7035847946628616,[1.25593711 0.33472498 0.         0.        ]
Socio-calls graph,86400,3.5,10,19.61208115854956,0.7018208986777595,19.073868646620188,0.7023101256028745,13.528562019336748,0.7035847946628616,[1.26923795 0.32768759 0.         0.        ],13.528562019336748,0.7035847946628616,[1.26923795 0.32768759 0.         0.        ]
Socio-calls graph,86400,2.5,10,19.61208115854956,0.7018208986777595,18.219215149708983,0.7037628624696676,13.408530223565034,0.7035847946628616,[1.23376011 0.34645783 0.         0.        ],13.408530223565034,0.7035847946628616,[1.23376011 0.34645783 0.         0.        ]
College graph 2,86400,3.5,10,63.023048807328856,0.7033368870289086,60.90299914299016,0.7071887116658535,39.47084328047951,0.6700336639593579,[1.23148531 0.27491477 0.08984965 0.        ],39.47083663635823,0.6700336639593579,[1.23148286 0.27491397 0.08985376 0.        ]
College graph 2,259200,0.5,10,141.2152438945054,0.7954104685517628,106.90920754251498,0.809835129479765,101.36602106084416,0.7896859768806741,[0.83342681 0.75636986 0.01075634 0.        ],101.36597786609224,0.7896809934530468,[0.83338205 0.75636239 0.01078544 0.        ]
Socio-calls graph,86400,1.25,10,19.61208115854956,0.7018208986777595,15.529406122710363,0.7116337238855335,12.918719207102512,0.7035847946628616,[1.0855188  0.42485841 0.         0.        ],12.918719207102512,0.7035847946628616,[1.0855188  0.42485841 0.         0.        ]
College graph 1,3600,5,10,5.550952061682869,0.4454023177316365,5.527228351995041,0.4482790163798331,4.222656547791902,0.4422567744794718,[0.30384931 0.16781151 0.         0.        ],4.222656547791902,0.4422567744794718,[0.30384931 0.16781151 0.         0.        ]
Socio-calls graph,86400,4.25,10,19.61208115854956,0.7018208986777595,19.35385753593978,0.7019444437888259,13.565085244535183,0.7035847946628616,[1.27997525 0.32200625 0.         0.        ],13.565085244535183,0.7035847946628616,[1.27997525 0.32200625 0.         0.        ]
Socio-calls graph,86400,4.75,10,19.61208115854956,0.7018208986777595,19.454590054470938,0.7019444437888259,13.577914957122148,0.7035847946628616,[1.28374063 0.32001384 0.         0.        ],13.577914957122148,0.7035847946628616,[1.28374063 0.32001384 0.         0.        ]
College graph 2,259200,1,10,141.2152438945054,0.7954104685517628,110.66213182446106,0.8099016702259172,100.40003074001697,0.7537504716551517,[1.27098422 0.69689338 0.01849921 0.        ],100.40007824805502,0.7537504716551517,[1.27103182 0.69690054 0.01846824 0.        ]
College graph 2,86400,4,10,63.023048807328856,0.7033368870289086,61.72025990698323,0.7076282428571357,39.57886247549657,0.6700336639593579,[1.24290478 0.26934982 0.08943917 0.        ],39.57885643380749,0.6700336639593579,[1.24290255 0.26934911 0.0894429  0.        ]
Socio-calls graph,86400,4.5,10,19.61208115854956,0.7018208986777595,19.410349504506843,0.7019444437888259,13.572300069335004,0.7035847946628616,[1.28209313 0.3208856  0.         0.        ],13.572300069335004,0.7035847946628616,[1.28209313 0.3208856  0.         0.        ]
Socio-calls graph,86400,3.25,10,19.61208115854956,0.7018208986777595,18.926704606835806,0.7024841339078088,13.508837988559197,0.7035847946628616,[1.26342819 0.33076154 0.         0.        ],13.508837988559197,0.7035847946628616,[1.26342819 0.33076154 0.         0.        ]
College graph 2,259200,2,10,141.2152438945054,0.7954104685517628,126.33464372546712,0.8077747128095376,105.62527242129757,0.7537504716551517,[1.73821473 0.60969922 0.02185941 0.        ],105.62525279267695,0.7537504716551517,[1.7381956  0.60969655 0.0218719  0.        ]
College graph 2,259200,2.5,10,141.2152438945054,0.7954104685517628,131.6067337443131,0.8049926640339709,107.33969296049479,0.7537504716551517,[1.84945259 0.587338   0.02238501 0.        ],107.33967463808952,0.7537504716551517,[1.84943485 0.58733555 0.02239662 0.        ]
College graph 1,3600,3.75,10,5.550952061682869,0.4454023177316365,5.469606111895126,0.4485672719082957,4.2271751068463015,0.4426228976124752,[0.30410921 0.16725931 0.         0.        ],4.2271751068463015,0.4426228976124752,[0.30410921 0.16725931 0.         0.        ]
College graph 2,86400,5,10,63.023048807328856,0.7033368870289086,62.5375667813176,0.7076784951373223,39.68428727586429,0.6700336639593579,[1.25413778 0.2640029  0.08886339 0.        ],39.68428184776092,0.6700336639593579,[1.25413578 0.26400228 0.08886674 0.        ]
College graph 1,3600,2,10,5.550952061682869,0.4454023177316365,5.133932529577922,0.44586998666261435,4.266009305848038,0.4472138118028046,[0.30715694 0.16016699 0.         0.        ],4.266009305848038,0.4472138118028046,[0.30715694 0.16016699 0.         0.        ]
College graph 2,86400,4.5,10,63.023048807328856,0.7033368870289086,62.226520634677904,0.7076747301699535,39.644414014175126,0.6700336639593579,[1.24987377 0.26600892 0.08911205 0.        ],39.64440834665696,0.6700336639593579,[1.24987168 0.26600826 0.08911554 0.        ]
College graph 2,259200,3,10,141.2152438945054,0.7954104685517628,135.15988737808286,0.8028019056152395,108.45405663063268,0.7537504716551517,[1.91801898 0.57340777 0.02258717 0.        ],108.45403962266882,0.7537504716551517,[1.9180026  0.57340553 0.02259792 0.        ]
Socio-calls graph,86400,5,10,19.61208115854956,0.7018208986777595,19.48919406467008,0.7019444437888259,13.582285410506366,0.7035847946628616,[1.28502255 0.31933552 0.         0.        ],13.582285410506366,0.7035847946628616,[1.28502255 0.31933552 0.         0.        ]
Socio-sms graph,3600,0.75,10,5.276718749999999,0.6793035357685997,5.233808630802816,0.6407925504297998,5.160226069704672,0.6188307675845228,[0.2679607  0.52890184 0.         0.        ],5.160226069704672,0.6188307675845228,[0.2679607  0.52890184 0.         0.        ]
Socio-sms graph,3600,0.25,10,5.276718749999999,0.6793035357685997,5.232577924219264,0.5660517289750708,5.471898709211262,0.5454546177765301,[0.26481568 0.54130634 0.         0.        ],5.47189870921126,0.5454546177765301,[0.26481568 0.54130634 0.         0.        ]
Socio-sms graph,3600,1.25,10,5.276718749999999,0.6793035357685997,5.264745371785443,0.6455755228029498,5.054727007461983,0.6487054134969903,[2.70612209e-01 5.22660072e-01 0.00000000e+00 2.21925068e-04],5.054812412482493,0.6487054134969903,[0.27064891 0.52283774 0.         0.        ]
Socio-sms graph,3600,0.5,10,5.276718749999999,0.6793035357685997,5.177272136817166,0.6168905422832822,5.249509445519941,0.5865298545578055,[0.26345749 0.54009002 0.         0.        ],5.249509445519941,0.5865298545578055,[0.26345749 0.54009002 0.         0.        ]
Socio-sms graph,3600,2.5,10,5.276718749999999,0.6793035357685997,5.246526125342362,0.6592649091566759,4.952563804483582,0.6492199202535643,[0.27342316 0.52297891 0.         0.        ],4.952563804483582,0.6492199202535643,[0.27342316 0.52297891 0.         0.        ]
Socio-calls graph,259200,0.5,10,63.33024038837992,0.863599181200262,44.50704288076239,0.8695269543557195,42.50183425776562,0.820628768303187,[1.01683071 0.7693612  0.02484556 0.        ],42.50183988394657,0.820628768303187,[1.01682    0.76941297 0.02479096 0.        ]
Socio-calls graph,259200,2,10,63.33024038837992,0.863599181200262,56.638444742417384,0.87003774574989,47.50431697078645,0.820628768303187,[1.942102   0.59437188 0.04948618 0.        ],47.504313556132665,0.820628768303187,[1.94211149 0.59434414 0.04951564 0.        ]
Socio-sms graph,3600,3.5,10,5.276718749999999,0.6793035357685997,5.260009719813441,0.6646147270740188,4.938138733999496,0.6491333832869453,[0.2757099  0.52137754 0.         0.        ],4.938138733999496,0.6491333832869453,[0.2757099  0.52137754 0.         0.        ]
Socio-calls graph,259200,1.5,10,63.33024038837992,0.863599181200262,53.27133742159775,0.8690035208211588,46.21918854659265,0.820628768303187,[1.75143622 0.62846466 0.04776947 0.        ],46.21919672929381,0.820628768303187,[1.75144465 0.62848433 0.04774571 0.        ]
Socio-calls graph,259200,1.25,10,63.33024038837992,0.863599181200262,51.214790031381824,0.8684810832498527,45.386687361941924,0.820628768303187,[1.62017031 0.65261859 0.04555433 0.        ],45.386693195804774,0.820628768303187,[1.62017428 0.6526368  0.0455332  0.        ]
Socio-sms graph,3600,4.25,10,5.276718749999999,0.6793035357685997,5.267866141280043,0.6663383235366087,4.935497359568839,0.6493863666011472,[0.27664763 0.52055515 0.         0.        ],4.935497359568839,0.6493863666011472,[0.27664763 0.52055515 0.         0.        ]
Socio-calls graph,259200,4,10,63.33024038837992,0.863599181200262,62.29699023870523,0.8679801761226373,49.465468045546984,0.820628768303187,[2.21814402 0.54872762 0.04726347 0.        ],49.46546116608074,0.820628768303187,[2.21814134 0.54870818 0.04728635 0.        ]
Socio-sms graph,3600,1.5,10,5.276718749999999,0.6793035357685997,5.2576747325911635,0.6469452971817942,5.019368518194456,0.6504571375953597,[0.27101422 0.52296559 0.         0.        ],5.019368518194456,0.6504571375953597,[0.27101422 0.52296559 0.         0.        ]
Socio-sms graph,3600,3,10,5.276718749999999,0.6793035357685997,5.2529505945779,0.6649557084904063,4.942615374612686,0.6481920009980806,[0.27471737 0.52215899 0.         0.        ],4.942615374612686,0.6481920009980806,[0.27471737 0.52215899 0.         0.        ]
Socio-sms graph,3600,1,10,5.276718749999999,0.6793035357685997,5.262254564047449,0.6423443841055012,5.100864868885688,0.6283509156668465,[0.26996727 0.52401728 0.         0.        ],5.100864868885688,0.6283509156668465,[0.26996727 0.52401728 0.         0.        ]
Socio-calls graph,259200,3.75,10,63.33024038837992,0.863599181200262,62.011597043783375,0.8679801761226373,49.371792108393976,0.820628768303187,[2.20503927 0.55066437 0.04763223 0.        ],49.37178497710858,0.820628768303187,[2.20503636 0.55064421 0.04765596 0.        ]
Socio-calls graph,259200,0.25,10,63.33024038837992,0.863599181200262,43.62489442324131,0.8663253440206631,42.46405542584104,0.8464868685329157,[0.78408099 0.81680307 0.01100987 0.        ],42.464291586527125,0.8464693783478556,[0.78458742 0.8170659  0.01062834 0.        ]
Socio-sms graph,3600,1.75,10,5.276718749999999,0.6793035357685997,5.25036078872051,0.6533050962628285,4.993129425884739,0.6471026613660131,[0.27145309 0.52328046 0.         0.        ],4.993129425884739,0.6471026613660131,[0.27145309 0.52328046 0.         0.        ]
Socio-calls graph,259200,0.75,10,63.33024038837992,0.863599181200262,46.62918708879631,0.8706875162535908,43.411132306161186,0.820628768303187,[1.25804119 0.72151045 0.03537696 0.        ],43.41101902556927,0.820628768303187,[1.25778192 0.72145084 0.03549335 0.        ]
Socio-calls graph,259200,2.25,10,63.33024038837992,0.863599181200262,57.94546313307664,0.8693871704682006,47.97825386977974,0.820628768303187,[2.00991798 0.5825646  0.0496511  0.        ],47.97821477296368,0.820628768303187,[2.00982084 0.58256562 0.04966964 0.        ]
Socio-calls graph,259200,3.25,10,63.33024038837992,0.863599181200262,61.19444650467599,0.867777251223826,49.100880498605875,0.820628768303187,[2.16729995 0.55648653 0.04842331 0.        ],49.10087956263772,0.820628768303187,[2.16729824 0.55648572 0.04842459 0.        ]
Socio-calls graph,259200,4.75,10,63.33024038837992,0.863599181200262,62.836566865054365,0.8679801761226373,49.641441379925475,0.820628768303187,[2.24290738 0.54522596 0.04639911 0.        ],49.64149579267002,0.820628768303187,[2.2430046  0.54527351 0.04632431 0.        ]
Socio-sms graph,3600,2.25,10,5.276718749999999,0.6793035357685997,5.24508329843094,0.6600868298941794,4.961411218655891,0.6470439529245193,[0.27271608 0.52327926 0.         0.        ],4.961411218655891,0.6470439529245193,[0.27271608 0.52327926 0.         0.        ]
Socio-calls graph,259200,2.5,10,63.33024038837992,0.863599181200262,59.026418476656694,0.8691180750683496,48.3602854752672,0.820628768303187,[2.06386746 0.57342833 0.04946731 0.        ],48.36028329609723,0.820628768303187,[2.0638634  0.57342641 0.04947032 0.        ]
Socio-sms graph,3600,2,10,5.276718749999999,0.6793035357685997,5.2460814041915,0.6562009890178946,4.974404921206481,0.6468706387699122,[0.27203619 0.52340149 0.         0.        ],4.974404921206481,0.6468706387699122,[0.27203619 0.52340149 0.         0.        ]
Socio-calls graph,259200,3.5,10,63.33024038837992,0.863599181200262,61.65023049653704,0.8680211479481872,49.25249281786508,0.820628768303187,[2.18840326 0.55316926 0.04805041 0.        ],49.25249136404994,0.820628768303187,[2.18840845 0.55315693 0.04806347 0.        ]
Socio-sms graph,3600,4,10,5.276718749999999,0.6793035357685997,5.2656739539171795,0.6654743775215597,4.935095389630507,0.6493863666011472,[0.27598858 0.51873621 0.         0.00254034],4.936078610533755,0.6493863666011472,[0.2763975  0.52078129 0.         0.        ]
Socio-sms graph,3600,3.25,10,5.276718749999999,0.6793035357685997,5.256588142071868,0.6646147270740188,4.9393904325929405,0.6488975603403433,[0.27502564 0.52060864 0.         0.00141727],4.939940022174432,0.6488975603403433,[0.27525447 0.52174911 0.         0.        ]
Socio-sms graph,3600,4.5,10,5.276718749999999,0.6793035357685997,5.269669591529917,0.6663383235366087,4.934667187048577,0.6492771064333963,[0.27667364 0.51949702 0.         0.00108506],4.935088928495411,0.6492771064333963,[0.27684811 0.52037066 0.         0.        ]
Socio-sms graph,3600,3.75,10,5.276718749999999,0.6793035357685997,5.263056782988187,0.665259063453986,4.936864421729908,0.6491333832869453,[2.76066605e-01 5.20946763e-01 0.00000000e+00 1.33704736e-04],4.936916483666167,0.6491333832869453,[0.27608814 0.52105439 0.         0.        ]
Socio-sms graph,3600,5,10,5.276718749999999,0.6793035357685997,5.272310941944699,0.6663383235366087,4.934360252947743,0.6492771064333963,[0.27704    0.51963057 0.         0.00058632],4.934588501357677,0.6492771064333963,[0.27713421 0.52010269 0.         0.        ]
Socio-calls graph,259200,1,10,63.33024038837992,0.863599181200262,48.96283421564963,0.8698863112869427,44.434070649352996,0.820628768303187,[1.45793511 0.68311666 0.04171316 0.        ],44.4340699932051,0.820628768303187,[1.4579338  0.68311603 0.04171412 0.        ]
Socio-sms graph,3600,2.75,10,5.276718749999999,0.6793035357685997,5.2494159415543,0.6624030742913882,4.946546827326052,0.6488864025481937,[2.74076651e-01 5.22459177e-01 0.00000000e+00 1.54398611e-04],4.946606829100533,0.6488864025481937,[0.27410167 0.52258335 0.         0.        ]
Socio-calls graph,259200,1.75,10,63.33024038837992,0.863599181200262,55.08350129358682,0.8703189151552626,46.92261751967129,0.820628768303187,[1.85723602 0.6093955  0.04894133 0.        ],46.92261793093489,0.820628768303187,[1.85723681 0.60939588 0.04894075 0.        ]
Socio-sms graph,3600,4.75,10,5.276718749999999,0.6793035357685997,5.271133791546724,0.6663383235366087,4.934696398466468,0.6492771064333963,[2.76965760e-01 5.20011481e-01 0.00000000e+00 2.61204639e-04],4.934798158456327,0.6492771064333963,[0.27700774 0.5202218  0.         0.        ]
Socio-sms graph,259200,0.25,10,1850.1736438679245,0.7377955295764642,1448.596124946029,0.7666039758108304,1376.0644856677754,0.7104952830188679,[3.67125875 0.63839034 0.05969722 0.        ],1376.0644858566034,0.7104952830188679,[3.67126877 0.63837645 0.05971099 0.        ]
Socio-sms graph,259200,0.5,10,1850.1736438679245,0.7377955295764642,1479.068355453825,0.7728486740829736,1354.4979047778015,0.7104952830188679,[4.37269698 0.58514572 0.05978006 0.        ],1354.4805462231539,0.7104952830188679,[4.35468061 0.58752091 0.04633605 0.0118332 ]
Socio-sms graph,259200,0.75,10,1850.1736438679245,0.7377955295764642,1532.6060309236973,0.7779646056535822,1346.481963935643,0.7104952830188679,[4.96833528 0.54147459 0.05861512 0.        ],1346.3241061003623,0.7104952830188679,[4.9138363  0.54608712 0.02322197 0.03341487]
Socio-sms graph,259200,1,10,1850.1736438679245,0.7377955295764642,1583.0943833877463,0.7793859257953429,1341.095521180299,0.7104952830188679,[5.37561065 0.5121125  0.05772281 0.        ],1340.8009060183267,0.7104952830188679,[5.30359499 0.51712417 0.01329503 0.04308377]
Socio-sms graph,259200,1.25,10,1850.1736438679245,0.7377955295764642,1627.7319936598983,0.7814081596942558,1337.186735570705,0.7104952830188679,[5.66903463 0.49141978 0.05706643 0.        ],1336.786354402267,0.7104952830188679,[5.58731399 0.49613157 0.00865388 0.04802362]
Socio-sms graph,259200,1.5,10,1850.1736438679245,0.7377955295764642,1666.7645975825276,0.775727382682596,1334.520703742835,0.7104952830188679,[5.89090796 0.47589162 0.05678459 0.        ],1334.0416607170014,0.7104952830188679,[5.80360395 0.48029449 0.00631259 0.05080704]
Socio-sms graph,259200,2,10,1850.1736438679245,0.7377955295764642,1729.0084140270915,0.773668369040111,1331.7479554137826,0.7104952830188679,[6.19303484e+00 4.54134616e-01 5.57401449e-02 1.50250706e-03],1331.170306601841,0.7104952830188679,[6.10475320e+00 4.58554111e-01 4.57181323e-03 5.33780527e-02]
Socio-sms graph,259200,1.75,10,1850.1736438679245,0.7377955295764642,1700.4363439092335,0.7739450963312153,1332.804544563732,0.7104952830188679,[6.06266592 0.46385426 0.05678838 0.        ],1332.2679995950348,0.7104952830188679,[5.97221378e+00 4.68104899e-01 5.06887550e-03 5.24601549e-02]
Socio-sms graph,259200,2.75,10,1850.1736438679245,0.7377955295764642,1788.5150090750146,0.7628724081506243,1330.5734722649395,0.7104952830188679,[6.43728513e+00 4.35757948e-01 5.38349465e-02 4.60687461e-03],1329.9337841966812,0.7104952830188679,[6.35581351e+00 4.40802137e-01 4.17606008e-03 5.44794743e-02]
Socio-sms graph,259200,2.25,10,1850.1736438679245,0.7377955295764642,1752.8687032456937,0.7721365324981344,1331.1218935653603,0.7104952830188679,[6.29472745e+00 4.46486537e-01 5.48299580e-02 2.86314535e-03],1330.515625174862,0.7104952830188679,[6.20910599e+00 4.51120967e-01 4.32013061e-03 5.39407461e-02]
Socio-sms graph,259200,2.5,10,1850.1736438679245,0.7377955295764642,1772.51855676887,0.7683027497146813,1330.7657685387508,0.7104952830188679,[6.37462120e+00 4.40458155e-01 5.42783791e-02 3.84048906e-03],1330.1397100624542,0.7104952830188679,[6.29120921e+00 4.45380239e-01 4.09848471e-03 5.43318967e-02]
Socio-sms graph,259200,3,10,1850.1736438679245,0.7377955295764642,1801.4160547491877,0.7577852664855935,1330.4775902198548,0.7104952830188679,[6.48638899e+00 4.32097879e-01 5.34903780e-02 5.19369882e-03],1329.8286021737404,0.7104952830188679,[6.40652674e+00 4.37212038e-01 4.30544019e-03 5.45384262e-02]
Socio-calls graph,259200,5,10,63.33024038837992,0.863599181200262,62.94489333734336,0.8679801761226373,49.676676594867736,0.820628768303187,[2.24796812 0.54458719 0.04613814 0.        ],49.67673020742646,0.820628768303187,[2.24806371 0.544634   0.04606449 0.        ]
Socio-sms graph,259200,4,10,1850.1736438679245,0.7377955295764642,1831.6065630799333,0.7533486552991329,1330.4398181426163,0.7104952830188679,[6.59711426e+00 4.23735192e-01 5.31987684e-02 6.24213999e-03],1329.7763311905992,0.7104952830188679,[6.52097749e+00 4.29007364e-01 5.08916452e-03 5.43514615e-02]
Socio-sms graph,259200,3.25,10,1850.1736438679245,0.7377955295764642,1811.7431929962477,0.7570210281954415,1330.4365297068393,0.7104952830188679,[6.52489636e+00 4.29202898e-01 5.33173985e-02 5.60045962e-03],1329.7812865763576,0.7104952830188679,[6.44631553e+00 4.34314282e-01 4.62380698e-03 5.44667152e-02]
Socio-sms graph,259200,3.5,10,1850.1736438679245,0.7377955295764642,1819.961103996241,0.7561500698991056,1330.4252823753184,0.7104952830188679,[6.55505237e+00 4.26926634e-01 5.32282676e-02 5.89236138e-03],1329.765933323176,0.7104952830188679,[6.47749311e+00 4.32056980e-01 4.88047286e-03 5.43958785e-02]
Socio-sms graph,259200,3.75,10,1850.1736438679245,0.7377955295764642,1826.4700745401476,0.7533486552991329,1330.4291559288372,0.7104952830188679,[6.57869306e+00 4.25107538e-01 5.32675399e-02 6.06368935e-03],1329.7672224115104,0.7104952830188679,[6.50188433e+00 4.30350747e-01 4.97850505e-03 5.43829850e-02]
Socio-sms graph,259200,4.5,10,1850.1736438679245,0.7377955295764642,1838.82142116053,0.7491386739701095,1330.4652536031106,0.7104952830188679,[6.62295195e+00 4.21671616e-01 5.34870215e-02 6.29928194e-03],1329.800673928963,0.7104952830188679,[6.54759849e+00 4.27061204e-01 5.42223202e-03 5.42169822e-02]
Socio-sms graph,259200,4.25,10,1850.1736438679245,0.7377955295764642,1835.648294811936,0.7510231813924675,1330.452636527922,0.7104952830188679,[6.61158085e+00 4.22600358e-01 5.32932907e-02 6.31086812e-03],1329.788349789821,0.7104952830188679,[6.53591120e+00 4.27943492e-01 5.21309553e-03 5.43069464e-02]
Socio-sms graph,259200,4.75,10,1850.1736438679245,0.7377955295764642,1841.3082143379409,0.7481942573418672,1330.4766286215643,0.7104952830188679,[6.63167419e+00 4.21066371e-01 5.33517930e-02 6.43310634e-03],1329.8120463304526,0.7104952830188679,[6.55674288e+00 4.26353793e-01 5.62247917e-03 5.41307407e-02]
Socio-sms graph,259200,5,10,1850.1736438679245,0.7377955295764642,1843.254435282408,0.7474290635111063,1330.486271250395,0.7104952830188679,[6.63859961e+00 4.20501310e-01 5.34675980e-02 6.42937872e-03],1329.8219545673287,0.7104952830188679,[6.56388479e+00 4.25829204e-01 5.72764162e-03 5.40859106e-02]
Socio-calls graph,259200,3,10,63.33024038837992,0.863599181200262,60.622422479391815,0.8679429727337439,48.90865319471935,0.820628768303187,[2.14054003 0.56074106 0.04884252 0.        ],48.90865533403377,0.820628768303187,[2.14053293 0.56075878 0.04882372 0.        ]
Socio-calls graph,259200,4.25,10,63.33024038837992,0.863599181200262,62.52169464836029,0.8679801761226373,49.53885268769553,0.820628768303187,[2.22833912 0.5471888  0.04701713 0.        ],49.538919002795986,0.820628768303187,[2.22845674 0.547249   0.0469237  0.        ]
Socio-calls graph,259200,2.75,10,63.33024038837992,0.863599181200262,59.90902855200556,0.8684395827203577,48.665782456694764,0.820628768303187,[2.10666794 0.56627144 0.04920612 0.        ],48.66578470946271,0.820628768303187,[2.10666074 0.56628997 0.04918645 0.        ]
Socio-calls graph,259200,4.5,10,63.33024038837992,0.863599181200262,62.69819269929894,0.8679801761226373,49.596393702844736,0.820628768303187,[2.23647678 0.54606719 0.04669963 0.        ],49.596458288826064,0.820628768303187,[2.23659099 0.54612576 0.04660871 0.        ]
Socio-sms graph,86400,1.25,10,389.37908380681813,0.6127314954942278,335.3501770792466,0.6420455533694767,284.5973638030339,0.6254438920454546,[2.09783006 0.45257799 0.09193629 0.06221411],284.69446710989234,0.6254438920454546,[2.14293444 0.47017443 0.11383927 0.0243068 ]
Socio-sms graph,86400,0.25,10,389.37908380681813,0.6127314954942278,310.2512479714063,0.6664535703438601,299.06460387487493,0.6254438920454546,[1.45243249 0.63890173 0.10593779 0.        ],299.0646038954228,0.6254438920454546,[1.45243228 0.63890255 0.10593696 0.        ]
Socio-sms graph,86400,3.75,10,389.37908380681813,0.6127314954942278,383.42195667187076,0.6121283274868445,288.3405922416156,0.6254438920454546,[2.5108999  0.36019788 0.07798709 0.08951377],288.5907554976591,0.6254438920454546,[2.57825568 0.38691304 0.10528582 0.03814896]
Socio-sms graph,86400,4.25,10,389.37908380681813,0.6127314954942278,385.72544840653137,0.6088803234968108,288.59002641996847,0.6254438920454546,[2.52617488 0.35713188 0.07705247 0.0905679 ],288.84958933318217,0.6254438920454546,[2.59485924 0.38418306 0.10499731 0.03822408]
Socio-sms graph,86400,2.25,10,389.37908380681813,0.6127314954942278,365.11935732049824,0.6192898012384815,286.4902944411615,0.6254438920454546,[2.37868386 0.3881053  0.08406879 0.08091969],286.67761347738326,0.6254438920454546,[2.43769103 0.41194083 0.10867555 0.03488694]
Socio-sms graph,86400,4,10,389.37908380681813,0.6127314954942278,384.7105769098241,0.6087028588532619,288.4797925731525,0.6254438920454546,[2.5194765  0.35846647 0.0774744  0.0901035 ],288.73512803836024,0.6254438920454546,[2.58756016 0.38536876 0.10512368 0.0382038 ]
Socio-sms graph,86400,1.5,10,389.37908380681813,0.6127314954942278,344.3237306510149,0.6288051773575433,284.91681052939816,0.6254438920454546,[2.19504208 0.42961287 0.08971464 0.06884782],285.04088005400496,0.6254438920454546,[2.24480016 0.44941973 0.11245286 0.0281891 ]
Socio-sms graph,86400,0.75,10,389.37908380681813,0.6127314954942278,316.49534356609,0.6513537710078372,286.0060528312362,0.6254438920454546,[1.81455626 0.52320145 0.09682248 0.04149164],286.0442756281551,0.6254438920454546,[1.84574321 0.53405733 0.11553036 0.01268307]
Socio-sms graph,86400,0.5,10,389.37908380681813,0.6127314954942278,309.53754008673695,0.6616150287885522,289.73281958630685,0.6254438920454546,[1.61914494 0.5774129  0.09992524 0.02444452],289.74502056678926,0.6254438920454546,[1.63891567 0.5830485  0.11464539 0.004301  ]
Socio-sms graph,86400,2,10,389.37908380681813,0.6127314954942278,359.26833829677855,0.617108525462937,285.97006231488945,0.6254438920454546,[2.33143592 0.39850945 0.08579336 0.0778371 ],286.1392440633816,0.6254438920454546,[2.38794548 0.42133732 0.10978878 0.0332925 ]
Socio-sms graph,86400,2.5,10,389.37908380681813,0.6127314954942278,369.9723762125754,0.621601668430676,286.9528071530258,0.6254438920454546,[2.41583616 0.38006349 0.08258029 0.08332748],287.1556299040949,0.6254438920454546,[2.47694064 0.40467952 0.10777781 0.03601273]
Socio-sms graph,86400,3.25,10,389.37908380681813,0.6127314954942278,379.73467162589634,0.6138453039048929,287.9474979965428,0.6254438920454546,[2.48585042 0.36530954 0.07933349 0.08787565],288.1837149924313,0.6254438920454546,[2.55135662 0.39146588 0.10591049 0.03776884]
Socio-sms graph,86400,1.75,10,389.37908380681813,0.6127314954942278,352.3389013315792,0.6216604927393474,285.42237868632367,0.6254438920454546,[2.27138503 0.41202128 0.08768878 0.07390339],285.5705231918248,0.6254438920454546,[2.32485947 0.43354047 0.11106371 0.03111714]
Socio-sms graph,86400,2.75,10,389.37908380681813,0.6127314954942278,373.9425389974589,0.6214942458759264,287.3481857341632,0.6254438920454546,[2.44501662 0.37384162 0.08131531 0.08521372],287.5641452743563,0.6254438920454546,[2.50785399 0.39910526 0.10698604 0.03683855]
Socio-sms graph,86400,4.5,10,389.37908380681813,0.6127314954942278,386.52276080435445,0.6096269065644739,288.67697429875534,0.6254438920454546,[2.53144509 0.35608437 0.0767741  0.09088855],288.93999815571834,0.6254438920454546,[2.60060151 0.38328137 0.10487656 0.03823256]
Socio-sms graph,86400,1,10,389.37908380681813,0.6127314954942278,325.78878509860226,0.6496269585394772,284.7559513384566,0.6254438920454546,[1.97356669 0.48281154 0.09433585 0.05340025],284.82387129604047,0.6254438920454546,[2.01270669 0.49752619 0.11500898 0.01922444]
Socio-sms graph,86400,3,10,389.37908380681813,0.6127314954942278,377.1557794581089,0.6174506477592169,287.67767712568264,0.6254438920454546,[2.46791988 0.3690293  0.08024971 0.08669177],287.9046687641659,0.6254438920454546,[2.53219534 0.39475567 0.1064682  0.03735202]
Socio-sms graph,86400,3.5,10,389.37908380681813,0.6127314954942278,381.7908910268336,0.6126980141784082,288.1657114754329,0.6254438920454546,[2.49989977 0.36242597 0.07859675 0.088793  ],288.40957468058866,0.6254438920454546,[2.56641825 0.38890153 0.1055408  0.03801355]
Socio-sms graph,86400,4.75,10,389.37908380681813,0.6127314954942278,387.147949821407,0.6092005729768768,288.7453580704968,0.6254438920454546,[2.53554466 0.35527748 0.07652041 0.09116318],289.0111926239865,0.6254438920454546,[2.60511243 0.38257327 0.10482822 0.03819754]
Socio-sms graph,86400,5,10,389.37908380681813,0.6127314954942278,387.6374384924485,0.6092005729768768,288.79901717685595,0.6254438920454546,[2.53874996 0.35464946 0.07631054 0.0913863 ],289.0671246699088,0.6254438920454546,[2.60865319 0.38199193 0.10488808 0.03810501]
College graph 1,3600,3.25,10,5.550952061682869,0.4454023177316365,5.418969086032696,0.44836705330121523,4.2315689108018475,0.44293794609061843,[0.30438733 0.16664994 0.         0.        ],4.2315689108018475,0.44293794609061843,[0.30438733 0.16664994 0.         0.        ]
College graph 1,3600,3.5,10,5.550952061682869,0.4454023177316365,5.447233980937005,0.4485433638166669,4.229065097195901,0.443232254906102,[0.30422601 0.16700531 0.         0.        ],4.229065097195901,0.443232254906102,[0.30422601 0.16700531 0.         0.        ]
College graph 1,3600,0.5,10,5.550952061682869,0.4454023177316365,4.420389249021727,0.4264081479946865,4.678996566126281,0.5568095597273438,[0.36821293 0.         0.         0.        ],4.678996566126281,0.5568095597273438,[0.36821293 0.         0.         0.        ]
College graph 1,3600,4,10,5.550952061682869,0.4454023177316365,5.487250835006706,0.4485693533051692,4.2257393114742525,0.44278546688975096,[0.30402355 0.16744353 0.         0.        ],4.2257393114742525,0.44278546688975096,[0.30402355 0.16744353 0.         0.        ]
